AcceptanceDatetime,FileName,Type,FiledAsOfDate,ItemInformation
07/08/2023 17:44:18,0000066756-23-000040.txt,10-Q,08/08/2023 00:00:00,
07/08/2023 17:44:18,0000066756-23-000040.txt,10-Q,08/08/2023 00:00:00,
11/05/2023 17:42:21,0000066756-23-000032.txt,8-K,12/05/2023 00:00:00,Submission of Matters to a Vote of Security Holders
02/05/2023 17:43:11,0000066756-23-000029.txt,10-Q,03/05/2023 00:00:00,
02/05/2023 17:43:11,0000066756-23-000029.txt,10-Q,03/05/2023 00:00:00,
22/03/2023 17:39:05,0000066756-23-000021.txt,DEF 14A,23/03/2023 00:00:00,
15/02/2023 18:08:58,0000066756-23-000005.txt,10-K,16/02/2023 00:00:00,
15/02/2023 18:14:38,0000066756-23-000007.txt,8-K,16/02/2023 00:00:00,Regulation FD Disclosure
08/11/2022 17:38:41,0000066756-22-000058.txt,10-Q,09/11/2022 00:00:00,
08/11/2022 17:38:41,0000066756-22-000058.txt,10-Q,09/11/2022 00:00:00,
22/08/2022 17:27:16,0000066756-22-000050.txt,8-K,22/08/2022 00:00:00,Departure of Directors or Certain Officers; Election of Directors; Appointment of Certain Officers: Compensatory Arrangements of Certain Officers
02/08/2022 17:41:51,0000066756-22-000048.txt,10-Q,03/08/2022 00:00:00,
02/08/2022 17:41:51,0000066756-22-000048.txt,10-Q,03/08/2022 00:00:00,
06/07/2022 16:32:21,0000066756-22-000041.txt,8-K,06/07/2022 00:00:00,Departure of Directors or Certain Officers; Election of Directors; Appointment of Certain Officers: Compensatory Arrangements of Certain Officers
12/05/2022 17:36:59,0000066756-22-000032.txt,8-K,13/05/2022 00:00:00,Submission of Matters to a Vote of Security Holders
04/05/2022 17:40:31,0000066756-22-000030.txt,10-Q,05/05/2022 00:00:00,
04/05/2022 17:40:31,0000066756-22-000030.txt,10-Q,05/05/2022 00:00:00,
05/04/2022 17:03:59,0000066756-22-000027.txt,8-K,05/04/2022 00:00:00,Other Events
05/04/2022 17:03:59,0000066756-22-000027.txt,8-K,05/04/2022 00:00:00,Financial Statements and Exhibits
23/03/2022 17:57:41,0000066756-22-000023.txt,DEF 14A,24/03/2022 00:00:00,
02/03/2022 16:05:34,0000066756-22-000019.txt,8-K,02/03/2022 00:00:00,Creation of a Direct Financial Obligation or an Obligation under an Off-Balance Sheet Arrangement of a Registrant
02/03/2022 16:05:34,0000066756-22-000019.txt,8-K,02/03/2022 00:00:00,Other Events
15/02/2022 17:41:34,0000066756-22-000014.txt,10-K,16/02/2022 00:00:00,
15/02/2022 17:47:23,0000066756-22-000015.txt,8-K,16/02/2022 00:00:00,Regulation FD Disclosure
09/02/2022 17:04:44,0000066756-22-000009.txt,8-K,09/02/2022 00:00:00,Departure of Directors or Certain Officers; Election of Directors; Appointment of Certain Officers: Compensatory Arrangements of Certain Officers
02/02/2022 16:39:45,0000066756-22-000006.txt,8-K,02/02/2022 00:00:00,Departure of Directors or Certain Officers; Election of Directors; Appointment of Certain Officers: Compensatory Arrangements of Certain Officers
02/02/2022 16:39:45,0000066756-22-000006.txt,8-K,02/02/2022 00:00:00,Other Events
11/01/2022 16:32:01,0000066756-22-000003.txt,8-K,11/01/2022 00:00:00,Departure of Directors or Certain Officers; Election of Directors; Appointment of Certain Officers: Compensatory Arrangements of Certain Officers
03/11/2021 17:44:24,0000066756-21-000081.txt,10-Q,04/11/2021 00:00:00,
03/11/2021 17:44:24,0000066756-21-000081.txt,10-Q,04/11/2021 00:00:00,
04/10/2021 18:55:51,0000066756-21-000076.txt,8-K,05/10/2021 00:00:00,Departure of Directors or Certain Officers; Election of Directors; Appointment of Certain Officers: Compensatory Arrangements of Certain Officers
27/09/2021 17:54:37,0000066756-21-000074.txt,8-K,28/09/2021 00:00:00,Other Events
27/09/2021 17:54:37,0000066756-21-000074.txt,8-K,28/09/2021 00:00:00,Financial Statements and Exhibits
03/08/2021 17:44:34,0000066756-21-000068.txt,10-Q,04/08/2021 00:00:00,
03/08/2021 17:44:34,0000066756-21-000068.txt,10-Q,04/08/2021 00:00:00,
12/05/2021 16:37:00,0000066756-21-000045.txt,8-K,12/05/2021 00:00:00,Submission of Matters to a Vote of Security Holders
12/05/2021 16:37:00,0000066756-21-000045.txt,8-K,12/05/2021 00:00:00,Regulation FD Disclosure
12/05/2021 16:37:00,0000066756-21-000045.txt,8-K,12/05/2021 00:00:00,Other Events
12/05/2021 16:37:00,0000066756-21-000045.txt,8-K,12/05/2021 00:00:00,Financial Statements and Exhibits
05/05/2021 17:40:15,0000066756-21-000041.txt,10-Q,06/05/2021 00:00:00,
05/05/2021 17:40:15,0000066756-21-000041.txt,10-Q,06/05/2021 00:00:00,
24/03/2021 17:43:00,0000066756-21-000037.txt,DEF 14A,25/03/2021 00:00:00,
16/02/2021 18:14:10,0000066756-21-000025.txt,10-K,17/02/2021 00:00:00,
16/02/2021 18:28:04,0000066756-21-000028.txt,8-K,17/02/2021 00:00:00,Regulation FD Disclosure
30/11/2020 17:37:16,0000066756-20-000085.txt,8-K,01/12/2020 00:00:00,Other Events
09/11/2020 06:04:12,0000066756-20-000082.txt,10-Q,09/11/2020 00:00:00,
09/11/2020 06:04:12,0000066756-20-000082.txt,10-Q,09/11/2020 00:00:00,
14/09/2020 17:11:25,0000066756-20-000078.txt,8-K,14/09/2020 00:00:00,Creation of a Direct Financial Obligation or an Obligation under an Off-Balance Sheet Arrangement of a Registrant
04/08/2020 19:49:04,0000066756-20-000072.txt,10-Q,05/08/2020 00:00:00,
04/08/2020 19:49:04,0000066756-20-000072.txt,10-Q,05/08/2020 00:00:00,
30/07/2020 19:44:23,0000066756-20-000067.txt,8-K,31/07/2020 00:00:00,Departure of Directors or Certain Officers; Election of Directors; Appointment of Certain Officers: Compensatory Arrangements of Certain Officers
14/05/2020 17:40:17,0000066756-20-000052.txt,8-K,15/05/2020 00:00:00,Submission of Matters to a Vote of Security Holders
05/05/2020 19:05:37,0000066756-20-000044.txt,10-Q,06/05/2020 00:00:00,
05/05/2020 19:05:37,0000066756-20-000044.txt,10-Q,06/05/2020 00:00:00,
13/04/2020 18:44:20,0000066756-20-000039.txt,8-K,14/04/2020 00:00:00,Amendments to Articles of Incorporation or Bylaws; Change in Fiscal Year
13/04/2020 18:44:20,0000066756-20-000039.txt,8-K,14/04/2020 00:00:00,Other Events
13/04/2020 18:44:20,0000066756-20-000039.txt,8-K,14/04/2020 00:00:00,Financial Statements and Exhibits
13/04/2020 17:08:21,0000066756-20-000035.txt,8-K,13/04/2020 00:00:00,Creation of a Direct Financial Obligation or an Obligation under an Off-Balance Sheet Arrangement of a Registrant
13/04/2020 17:08:21,0000066756-20-000035.txt,8-K,13/04/2020 00:00:00,Financial Statements and Exhibits
31/03/2020 17:02:23,0000066756-20-000030.txt,8-K,31/03/2020 00:00:00,Creation of a Direct Financial Obligation or an Obligation under an Off-Balance Sheet Arrangement of a Registrant
17/03/2020 17:38:47,0000066756-20-000027.txt,DEF 14A,18/03/2020 00:00:00,
12/02/2020 18:39:52,0000066756-20-000016.txt,10-K,13/02/2020 00:00:00,
12/02/2020 18:48:28,0000066756-20-000018.txt,8-K,13/02/2020 00:00:00,Regulation FD Disclosure
03/02/2020 13:04:27,0000066756-20-000002.txt,8-K,03/02/2020 00:00:00,Departure of Directors or Certain Officers; Election of Directors; Appointment of Certain Officers: Compensatory Arrangements of Certain Officers
06/12/2019 11:20:20,0000066756-19-000108.txt,8-K,06/12/2019 00:00:00,Regulation FD Disclosure
05/11/2019 17:48:13,0000066756-19-000102.txt,10-Q,06/11/2019 00:00:00,
05/11/2019 17:48:13,0000066756-19-000102.txt,10-Q,06/11/2019 00:00:00,
31/07/2019 18:26:36,0000066756-19-000094.txt,10-Q,01/08/2019 00:00:00,
31/07/2019 18:26:36,0000066756-19-000094.txt,10-Q,01/08/2019 00:00:00,
16/05/2019 16:38:23,0000066756-19-000063.txt,8-K,16/05/2019 00:00:00,Submission of Matters to a Vote of Security Holders
03/05/2019 14:36:02,0000066756-19-000057.txt,8-K,03/05/2019 00:00:00,Other Events
03/05/2019 14:36:02,0000066756-19-000057.txt,8-K,03/05/2019 00:00:00,Financial Statements and Exhibits
01/05/2019 17:44:18,0000066756-19-000054.txt,10-Q,02/05/2019 00:00:00,
01/05/2019 17:44:18,0000066756-19-000054.txt,10-Q,02/05/2019 00:00:00,
05/04/2019 16:37:19,0000066756-19-000046.txt,8-K,05/04/2019 00:00:00,Departure of Directors or Certain Officers; Election of Directors; Appointment of Certain Officers: Compensatory Arrangements of Certain Officers
27/03/2019 17:44:15,0000066756-19-000044.txt,DEF 14A,28/03/2019 00:00:00,
26/03/2019 17:44:15,0000066756-19-000041.txt,8-K,27/03/2019 00:00:00,Other Events
26/03/2019 17:44:15,0000066756-19-000041.txt,8-K,27/03/2019 00:00:00,Financial Statements and Exhibits
06/03/2019 16:50:27,0000066756-19-000036.txt,8-K,06/03/2019 00:00:00,Departure of Directors or Certain Officers; Election of Directors; Appointment of Certain Officers: Compensatory Arrangements of Certain Officers
06/03/2019 16:50:27,0000066756-19-000036.txt,8-K,06/03/2019 00:00:00,Other Events
13/02/2019 17:43:05,0000066756-19-000023.txt,10-K,14/02/2019 00:00:00,
13/02/2019 17:53:26,0000066756-19-000027.txt,8-K,14/02/2019 00:00:00,Departure of Directors or Certain Officers; Election of Directors; Appointment of Certain Officers: Compensatory Arrangements of Certain Officers
13/02/2019 17:49:26,0000066756-19-000025.txt,8-K,14/02/2019 00:00:00,Regulation FD Disclosure
08/02/2019 06:00:28,0000066756-19-000015.txt,8-K,08/02/2019 00:00:00,Entry into a Material Definitive Agreement
08/02/2019 06:00:28,0000066756-19-000015.txt,8-K,08/02/2019 00:00:00,Regulation FD Disclosure
08/02/2019 06:00:28,0000066756-19-000015.txt,8-K,08/02/2019 00:00:00,Financial Statements and Exhibits
04/02/2019 12:00:50,0000066756-19-000013.txt,8-K,04/02/2019 00:00:00,Departure of Directors or Certain Officers; Election of Directors; Appointment of Certain Officers: Compensatory Arrangements of Certain Officers
16/01/2019 16:47:02,0000066756-19-000003.txt,8-K,16/01/2019 00:00:00,Entry into a Material Definitive Agreement
16/01/2019 16:47:02,0000066756-19-000003.txt,8-K,16/01/2019 00:00:00,Creation of a Direct Financial Obligation or an Obligation under an Off-Balance Sheet Arrangement of a Registrant
27/12/2018 13:00:41,0000066756-18-000097.txt,8-K,27/12/2018 00:00:00,Other Events
30/11/2018 06:11:00,0000066756-18-000093.txt,8-K,30/11/2018 00:00:00,Departure of Directors or Certain Officers; Election of Directors; Appointment of Certain Officers: Compensatory Arrangements of Certain Officers
01/11/2018 06:12:05,0000066756-18-000088.txt,10-Q,01/11/2018 00:00:00,
01/11/2018 06:12:05,0000066756-18-000088.txt,10-Q,01/11/2018 00:00:00,
03/10/2018 17:18:27,0000066756-18-000081.txt,8-K,03/10/2018 00:00:00,Temporary Suspension of Trading Under Registrant's Employee Benefit Plans
03/10/2018 17:18:27,0000066756-18-000081.txt,8-K,03/10/2018 00:00:00,Financial Statements and Exhibits
01/08/2018 17:58:09,0000066756-18-000075.txt,10-Q,02/08/2018 00:00:00,
01/08/2018 17:58:09,0000066756-18-000075.txt,10-Q,02/08/2018 00:00:00,
09/05/2018 17:46:34,0000066756-18-000048.txt,8-K,10/05/2018 00:00:00,Submission of Matters to a Vote of Security Holders
01/05/2018 17:52:22,0000066756-18-000045.txt,10-Q,02/05/2018 00:00:00,
01/05/2018 17:52:22,0000066756-18-000045.txt,10-Q,02/05/2018 00:00:00,
21/03/2018 17:41:07,0000066756-18-000037.txt,DEF 14A,22/03/2018 00:00:00,
14/02/2018 19:47:49,0000066756-18-000029.txt,10-K,15/02/2018 00:00:00,
14/02/2018 19:52:09,0000066756-18-000030.txt,8-K,15/02/2018 00:00:00,Regulation FD Disclosure
16/01/2018 06:04:29,0000066756-18-000004.txt,8-K,16/01/2018 00:00:00,Departure of Directors or Certain Officers; Election of Directors; Appointment of Certain Officers: Compensatory Arrangements of Certain Officers
05/12/2017 17:43:36,0000066756-17-000109.txt,8-K,06/12/2017 00:00:00,Departure of Directors or Certain Officers; Election of Directors; Appointment of Certain Officers: Compensatory Arrangements of Certain Officers
31/10/2017 17:39:46,0000066756-17-000105.txt,10-Q,01/11/2017 00:00:00,
31/10/2017 17:39:46,0000066756-17-000105.txt,10-Q,01/11/2017 00:00:00,
23/08/2017 17:42:05,0000066756-17-000095.txt,8-K,24/08/2017 00:00:00,Departure of Directors or Certain Officers; Election of Directors; Appointment of Certain Officers: Compensatory Arrangements of Certain Officers
01/08/2017 17:40:49,0000066756-17-000088.txt,10-Q,02/08/2017 00:00:00,
01/08/2017 17:40:49,0000066756-17-000088.txt,10-Q,02/08/2017 00:00:00,
10/05/2017 17:41:15,0000066756-17-000060.txt,8-K,11/05/2017 00:00:00,Submission of Matters to a Vote of Security Holders
03/05/2017 17:42:44,0000066756-17-000057.txt,10-Q,04/05/2017 00:00:00,
03/05/2017 17:42:44,0000066756-17-000057.txt,10-Q,04/05/2017 00:00:00,
22/03/2017 17:45:09,0000066756-17-000050.txt,DEF 14A,23/03/2017 00:00:00,
15/02/2017 17:49:47,0000066756-17-000042.txt,8-K,16/02/2017 00:00:00,Other Events
15/02/2017 17:49:47,0000066756-17-000042.txt,8-K,16/02/2017 00:00:00,Financial Statements and Exhibits
15/02/2017 06:15:27,0000066756-17-000035.txt,10-K,15/02/2017 00:00:00,
17/01/2017 17:50:46,0000066756-17-000009.txt,8-K,18/01/2017 00:00:00,Unregistered Sales of Equity Securities
19/12/2016 06:21:02,0000066756-16-000269.txt,8-K,19/12/2016 00:00:00,Regulation FD Disclosure
12/12/2016 17:36:00,0000066756-16-000265.txt,8-K,13/12/2016 00:00:00,Creation of a Direct Financial Obligation or an Obligation under an Off-Balance Sheet Arrangement of a Registrant
07/12/2016 17:44:55,0000066756-16-000262.txt,8-K,08/12/2016 00:00:00,Other Events
04/11/2016 06:06:05,0000066756-16-000250.txt,10-Q,04/11/2016 00:00:00,
04/11/2016 06:06:05,0000066756-16-000250.txt,10-Q,04/11/2016 00:00:00,
25/10/2016 17:35:58,0000066756-16-000247.txt,8-K,26/10/2016 00:00:00,Departure of Directors or Certain Officers; Election of Directors; Appointment of Certain Officers: Compensatory Arrangements of Certain Officers
27/09/2016 06:08:47,0000066756-16-000244.txt,8-K,27/09/2016 00:00:00,Departure of Directors or Certain Officers; Election of Directors; Appointment of Certain Officers: Compensatory Arrangements of Certain Officers
02/08/2016 17:40:55,0000066756-16-000237.txt,10-Q,03/08/2016 00:00:00,
02/08/2016 17:40:55,0000066756-16-000237.txt,10-Q,03/08/2016 00:00:00,
01/08/2016 18:37:46,0000066756-16-000233.txt,8-K,02/08/2016 00:00:00,Other Events
25/05/2016 17:49:15,0000066756-16-000201.txt,8-K,26/05/2016 00:00:00,Other Events
11/05/2016 17:38:49,0000066756-16-000197.txt,8-K,12/05/2016 00:00:00,Submission of Matters to a Vote of Security Holders
03/05/2016 06:15:45,0000066756-16-000192.txt,10-Q,03/05/2016 00:00:00,
03/05/2016 06:15:45,0000066756-16-000192.txt,10-Q,03/05/2016 00:00:00,
21/03/2016 17:45:51,0000066756-16-000180.txt,DEF 14A,22/03/2016 00:00:00,
29/02/2016 19:13:15,0000066756-16-000173.txt,8-K,01/03/2016 00:00:00,Other Events
22/02/2016 17:10:25,0000066756-16-000169.txt,10-K,22/02/2016 00:00:00,
18/02/2016 06:24:24,0000066756-16-000162.txt,8-K,18/02/2016 00:00:00,Results of Operations and Financial Condition
12/02/2016 06:37:12,0000066756-16-000157.txt,8-K,12/02/2016 00:00:00,Results of Operations and Financial Condition
12/02/2016 06:37:12,0000066756-16-000157.txt,8-K,12/02/2016 00:00:00,Material Impairments
09/12/2015 06:33:36,0000066756-15-000127.txt,8-K,09/12/2015 00:00:00,Other Events
02/12/2015 06:06:51,0000066756-15-000122.txt,8-K,02/12/2015 00:00:00,Other Events
12/11/2015 06:37:27,0000066756-15-000117.txt,8-K,12/11/2015 00:00:00,Creation of a Direct Financial Obligation or an Obligation under an Off-Balance Sheet Arrangement of a Registrant
12/11/2015 06:37:27,0000066756-15-000117.txt,8-K,12/11/2015 00:00:00,Financial Statements and Exhibits
09/11/2015 17:41:27,0000066756-15-000113.txt,8-K,10/11/2015 00:00:00,Other Events
03/11/2015 06:22:43,0000066756-15-000104.txt,10-Q,03/11/2015 00:00:00,
03/11/2015 06:22:43,0000066756-15-000104.txt,10-Q,03/11/2015 00:00:00,
30/09/2015 06:42:41,0000066756-15-000099.txt,8-K,30/09/2015 00:00:00,Departure of Directors or Certain Officers; Election of Directors; Appointment of Certain Officers: Compensatory Arrangements of Certain Officers
28/08/2015 07:41:17,0000066756-15-000094.txt,8-K,28/08/2015 00:00:00,Creation of a Direct Financial Obligation or an Obligation under an Off-Balance Sheet Arrangement of a Registrant
04/08/2015 07:55:19,0000066756-15-000085.txt,10-Q,04/08/2015 00:00:00,
04/08/2015 07:55:19,0000066756-15-000085.txt,10-Q,04/08/2015 00:00:00,
03/08/2015 08:00:16,0000066756-15-000082.txt,8-K,03/08/2015 00:00:00,Other Events
15/07/2015 08:03:29,0000066756-15-000078.txt,8-K,15/07/2015 00:00:00,Creation of a Direct Financial Obligation or an Obligation under an Off-Balance Sheet Arrangement of a Registrant
02/07/2015 07:49:00,0000066756-15-000075.txt,8-K,02/07/2015 00:00:00,Other Events
02/07/2015 07:49:00,0000066756-15-000075.txt,8-K,02/07/2015 00:00:00,Financial Statements and Exhibits
14/05/2015 07:56:55,0000066756-15-000056.txt,8-K,14/05/2015 00:00:00,Submission of Matters to a Vote of Security Holders
07/05/2015 07:56:39,0000066756-15-000053.txt,10-Q,07/05/2015 00:00:00,
07/05/2015 07:56:39,0000066756-15-000053.txt,10-Q,07/05/2015 00:00:00,
06/05/2015 08:02:25,0000066756-15-000050.txt,8-K,06/05/2015 00:00:00,Other Events
06/05/2015 08:02:25,0000066756-15-000050.txt,8-K,06/05/2015 00:00:00,Financial Statements and Exhibits
24/03/2015 07:45:56,0000066756-15-000042.txt,DEF 14A,24/03/2015 00:00:00,
02/03/2015 07:51:44,0000066756-15-000035.txt,8-K,02/03/2015 00:00:00,Other Events
25/02/2015 07:12:55,0000066756-15-000031.txt,8-K,25/02/2015 00:00:00,Other Events
25/02/2015 07:12:55,0000066756-15-000031.txt,8-K,25/02/2015 00:00:00,Financial Statements and Exhibits
17/02/2015 07:52:35,0000066756-15-000022.txt,10-K,17/02/2015 00:00:00,
28/01/2015 08:00:10,0000066756-15-000013.txt,8-K,28/01/2015 00:00:00,Other Events
28/01/2015 08:00:10,0000066756-15-000013.txt,8-K,28/01/2015 00:00:00,Financial Statements and Exhibits
10/12/2014 07:53:54,0000066756-14-000101.txt,8-K,10/12/2014 00:00:00,Regulation FD Disclosure
01/12/2014 08:31:02,0000066756-14-000096.txt,8-K,01/12/2014 00:00:00,Other Events
25/11/2014 07:53:52,0000066756-14-000093.txt,8-K,25/11/2014 00:00:00,Other Events
25/11/2014 07:53:52,0000066756-14-000093.txt,8-K,25/11/2014 00:00:00,Financial Statements and Exhibits
03/11/2014 08:00:48,0000066756-14-000089.txt,10-Q,03/11/2014 00:00:00,
03/11/2014 08:00:48,0000066756-14-000089.txt,10-Q,03/11/2014 00:00:00,
08/09/2014 07:50:11,0000066756-14-000085.txt,8-K,08/09/2014 00:00:00,Other Events
01/08/2014 08:03:44,0000066756-14-000080.txt,10-Q,01/08/2014 00:00:00,
01/08/2014 08:03:44,0000066756-14-000080.txt,10-Q,01/08/2014 00:00:00,
31/07/2014 07:49:21,0000066756-14-000076.txt,8-K,31/07/2014 00:00:00,Other Events
30/06/2014 08:32:58,0000066756-14-000072.txt,8-K,30/06/2014 00:00:00,Creation of a Direct Financial Obligation or an Obligation under an Off-Balance Sheet Arrangement of a Registrant
15/05/2014 08:11:41,0000066756-14-000055.txt,8-K,15/05/2014 00:00:00,Submission of Matters to a Vote of Security Holders
07/05/2014 08:02:44,0000066756-14-000049.txt,10-Q,07/05/2014 00:00:00,
07/05/2014 08:02:44,0000066756-14-000049.txt,10-Q,07/05/2014 00:00:00,
25/03/2014 08:04:31,0000066756-14-000045.txt,DEF 14A,25/03/2014 00:00:00,
04/03/2014 10:12:32,0000066756-14-000036.txt,8-K,04/03/2014 00:00:00,Other Events
04/03/2014 10:11:38,0000066756-14-000035.txt,8-K,04/03/2014 00:00:00,Entry into a Material Definitive Agreement
04/03/2014 10:11:38,0000066756-14-000035.txt,8-K,04/03/2014 00:00:00,Other Events
04/03/2014 10:11:38,0000066756-14-000035.txt,8-K,04/03/2014 00:00:00,Financial Statements and Exhibits
18/02/2014 08:37:36,0000066756-14-000031.txt,8-K,18/02/2014 00:00:00,Other Events
18/02/2014 08:37:36,0000066756-14-000031.txt,8-K,18/02/2014 00:00:00,Financial Statements and Exhibits
14/02/2014 08:03:12,0000066756-14-000026.txt,10-K,14/02/2014 00:00:00,
10/01/2014 16:44:17,0000066756-14-000004.txt,8-K,10/01/2014 00:00:00,Unregistered Sales of Equity Securities
10/01/2014 16:44:17,0000066756-14-000004.txt,8-K,10/01/2014 00:00:00,Departure of Directors or Certain Officers; Election of Directors; Appointment of Certain Officers: Compensatory Arrangements of Certain Officers
10/12/2013 16:04:56,0000066756-13-000136.txt,8-K,10/12/2013 00:00:00,Creation of a Direct Financial Obligation or an Obligation under an Off-Balance Sheet Arrangement of a Registrant
10/12/2013 16:04:56,0000066756-13-000136.txt,8-K,10/12/2013 00:00:00,Regulation FD Disclosure
02/12/2013 16:23:41,0000066756-13-000133.txt,8-K,02/12/2013 00:00:00,Departure of Directors or Certain Officers; Election of Directors; Appointment of Certain Officers: Compensatory Arrangements of Certain Officers
02/12/2013 09:08:37,0000066756-13-000130.txt,8-K,02/12/2013 00:00:00,Other Events
12/11/2013 08:15:02,0000066756-13-000127.txt,8-K,12/11/2013 00:00:00,Other Events
12/11/2013 08:15:02,0000066756-13-000127.txt,8-K,12/11/2013 00:00:00,Financial Statements and Exhibits
04/11/2013 16:11:44,0000066756-13-000125.txt,8-K,04/11/2013 00:00:00,Entry into a Material Definitive Agreement
04/11/2013 16:11:44,0000066756-13-000125.txt,8-K,04/11/2013 00:00:00,Termination of a Material Definitive Agreement
04/11/2013 16:11:44,0000066756-13-000125.txt,8-K,04/11/2013 00:00:00,Creation of a Direct Financial Obligation or an Obligation under an Off-Balance Sheet Arrangement of a Registrant
04/11/2013 16:11:44,0000066756-13-000125.txt,8-K,04/11/2013 00:00:00,Financial Statements and Exhibits
01/11/2013 08:02:19,0000066756-13-000122.txt,10-Q,01/11/2013 00:00:00,
01/11/2013 08:02:19,0000066756-13-000122.txt,10-Q,01/11/2013 00:00:00,
27/08/2013 15:24:46,0000066756-13-000119.txt,8-K,27/08/2013 00:00:00,Departure of Directors or Certain Officers; Election of Directors; Appointment of Certain Officers: Compensatory Arrangements of Certain Officers
01/08/2013 08:03:32,0000066756-13-000102.txt,10-Q,01/08/2013 00:00:00,
01/08/2013 08:03:32,0000066756-13-000102.txt,10-Q,01/08/2013 00:00:00,
01/08/2013 08:06:21,0000066756-13-000104.txt,8-K,01/08/2013 00:00:00,Other Events
16/05/2013 08:04:38,0000066756-13-000082.txt,8-K,16/05/2013 00:00:00,Submission of Matters to a Vote of Security Holders
08/05/2013 08:03:53,0000066756-13-000075.txt,10-Q,08/05/2013 00:00:00,
08/05/2013 08:03:53,0000066756-13-000075.txt,10-Q,08/05/2013 00:00:00,
02/04/2013 16:04:59,0000066756-13-000064.txt,8-K,02/04/2013 00:00:00,Creation of a Direct Financial Obligation or an Obligation under an Off-Balance Sheet Arrangement of a Registrant
02/04/2013 16:04:59,0000066756-13-000064.txt,8-K,02/04/2013 00:00:00,Financial Statements and Exhibits
26/03/2013 08:04:45,0000066756-13-000056.txt,DEF 14A,26/03/2013 00:00:00,
01/03/2013 08:06:50,0000066756-13-000039.txt,8-K,01/03/2013 00:00:00,Other Events
15/02/2013 08:04:52,0000066756-13-000030.txt,10-K,15/02/2013 00:00:00,
25/01/2013 08:04:31,0000066756-13-000017.txt,8-K,25/01/2013 00:00:00,Departure of Directors or Certain Officers; Election of Directors; Appointment of Certain Officers: Compensatory Arrangements of Certain Officers
11/12/2012 08:02:27,0000066756-12-000142.txt,8-K,11/12/2012 00:00:00,Departure of Directors or Certain Officers; Election of Directors; Appointment of Certain Officers: Compensatory Arrangements of Certain Officers
11/12/2012 08:02:27,0000066756-12-000142.txt,8-K,11/12/2012 00:00:00,Regulation FD Disclosure
03/12/2012 08:03:20,0000066756-12-000136.txt,8-K,03/12/2012 00:00:00,Other Events
31/10/2012 08:02:57,0000066756-12-000121.txt,10-Q,31/10/2012 00:00:00,
31/10/2012 08:02:57,0000066756-12-000121.txt,10-Q,31/10/2012 00:00:00,
03/08/2012 08:05:12,0000066756-12-000111.txt,8-K,03/08/2012 00:00:00,Other Events
02/08/2012 08:03:05,0000066756-12-000106.txt,10-Q,02/08/2012 00:00:00,
02/08/2012 08:03:05,0000066756-12-000106.txt,10-Q,02/08/2012 00:00:00,
01/08/2012 08:03:50,0000066756-12-000101.txt,8-K,01/08/2012 00:00:00,Other Events
02/07/2012 16:02:58,0000066756-12-000095.txt,8-K,02/07/2012 00:00:00,Creation of a Direct Financial Obligation or an Obligation under an Off-Balance Sheet Arrangement of a Registrant
02/07/2012 16:02:58,0000066756-12-000095.txt,8-K,02/07/2012 00:00:00,Financial Statements and Exhibits
11/05/2012 08:06:39,0000066756-12-000068.txt,8-K,11/05/2012 00:00:00,Submission of Matters to a Vote of Security Holders
02/05/2012 08:03:23,0000066756-12-000062.txt,10-Q,02/05/2012 00:00:00,
02/05/2012 08:03:23,0000066756-12-000062.txt,10-Q,02/05/2012 00:00:00,
20/03/2012 16:48:05,0000066756-12-000053.txt,DEF 14A,20/03/2012 00:00:00,
01/03/2012 11:37:46,0000066756-12-000045.txt,8-K,01/03/2012 00:00:00,Other Events
21/02/2012 17:26:40,0000066756-12-000040.txt,8-K,21/02/2012 00:00:00,Entry into a Material Definitive Agreement
21/02/2012 17:26:40,0000066756-12-000040.txt,8-K,21/02/2012 00:00:00,Creation of a Direct Financial Obligation or an Obligation under an Off-Balance Sheet Arrangement of a Registrant
21/02/2012 17:26:40,0000066756-12-000040.txt,8-K,21/02/2012 00:00:00,Financial Statements and Exhibits
21/02/2012 17:07:51,0000066756-12-000038.txt,8-K,21/02/2012 00:00:00,Other Events
21/02/2012 17:07:51,0000066756-12-000038.txt,8-K,21/02/2012 00:00:00,Financial Statements and Exhibits
21/02/2012 17:26:40,0000066756-12-000040.txt,8-K/A,21/02/2012 00:00:00,Entry into a Material Definitive Agreement
21/02/2012 17:26:40,0000066756-12-000040.txt,8-K/A,21/02/2012 00:00:00,Creation of a Direct Financial Obligation or an Obligation under an Off-Balance Sheet Arrangement of a Registrant
21/02/2012 17:26:40,0000066756-12-000040.txt,8-K/A,21/02/2012 00:00:00,Financial Statements and Exhibits
21/02/2012 17:07:51,0000066756-12-000038.txt,8-K/A,21/02/2012 00:00:00,Other Events
21/02/2012 17:07:51,0000066756-12-000038.txt,8-K/A,21/02/2012 00:00:00,Financial Statements and Exhibits
17/02/2012 13:18:36,0000066756-12-000035.txt,8-K,17/02/2012 00:00:00,Other Events
17/02/2012 13:18:36,0000066756-12-000035.txt,8-K,17/02/2012 00:00:00,Financial Statements and Exhibits
15/02/2012 08:13:13,0000066756-12-000026.txt,10-K,15/02/2012 00:00:00,
06/02/2012 16:12:36,0000066756-12-000013.txt,8-K,06/02/2012 00:00:00,Entry into a Material Definitive Agreement
06/02/2012 16:12:36,0000066756-12-000013.txt,8-K,06/02/2012 00:00:00,Creation of a Direct Financial Obligation or an Obligation under an Off-Balance Sheet Arrangement of a Registrant
15/12/2011 16:12:49,0000066756-11-000135.txt,8-K,15/12/2011 00:00:00,Unregistered Sales of Equity Securities
13/12/2011 12:24:59,0000066756-11-000133.txt,8-K,13/12/2011 00:00:00,Regulation FD Disclosure
01/12/2011 11:59:44,0000066756-11-000130.txt,8-K,01/12/2011 00:00:00,Other Events
02/11/2011 08:03:33,0000066756-11-000126.txt,10-Q,02/11/2011 00:00:00,
02/11/2011 08:03:33,0000066756-11-000126.txt,10-Q,02/11/2011 00:00:00,
31/08/2011 16:27:21,0000066756-11-000119.txt,8-K,31/08/2011 00:00:00,Creation of a Direct Financial Obligation or an Obligation under an Off-Balance Sheet Arrangement of a Registrant
31/08/2011 16:27:21,0000066756-11-000119.txt,8-K,31/08/2011 00:00:00,Financial Statements and Exhibits
05/08/2011 08:02:03,0000066756-11-000112.txt,10-Q,05/08/2011 00:00:00,
05/08/2011 08:02:03,0000066756-11-000112.txt,10-Q,05/08/2011 00:00:00,
29/07/2011 08:02:44,0000066756-11-000084.txt,8-K,29/07/2011 00:00:00,Results of Operations and Financial Condition
29/07/2011 08:02:44,0000066756-11-000084.txt,8-K,29/07/2011 00:00:00,Financial Statements and Exhibits
01/07/2011 08:06:54,0000066756-11-000079.txt,8-K,01/07/2011 00:00:00,Other Events
01/07/2011 08:06:54,0000066756-11-000079.txt,8-K,01/07/2011 00:00:00,Financial Statements and Exhibits
24/06/2011 09:55:56,0000066756-11-000075.txt,8-K,24/06/2011 00:00:00,Other Events
24/06/2011 09:55:56,0000066756-11-000075.txt,8-K,24/06/2011 00:00:00,Financial Statements and Exhibits
27/05/2011 16:04:50,0000066756-11-000056.txt,8-K,27/05/2011 00:00:00,Entry into a Material Definitive Agreement
27/05/2011 16:04:50,0000066756-11-000056.txt,8-K,27/05/2011 00:00:00,Termination of a Material Definitive Agreement
27/05/2011 16:04:50,0000066756-11-000056.txt,8-K,27/05/2011 00:00:00,Creation of a Direct Financial Obligation or an Obligation under an Off-Balance Sheet Arrangement of a Registrant
27/05/2011 16:04:50,0000066756-11-000056.txt,8-K,27/05/2011 00:00:00,Financial Statements and Exhibits
25/05/2011 17:11:22,0000066756-11-000053.txt,8-K,25/05/2011 00:00:00,Other Events
25/05/2011 17:11:22,0000066756-11-000053.txt,8-K,25/05/2011 00:00:00,Financial Statements and Exhibits
12/05/2011 16:53:18,0000066756-11-000050.txt,8-K,12/05/2011 00:00:00,Submission of Matters to a Vote of Security Holders
12/05/2011 16:53:18,0000066756-11-000050.txt,8-K,12/05/2011 00:00:00,Regulation FD Disclosure
12/05/2011 16:53:18,0000066756-11-000050.txt,8-K,12/05/2011 00:00:00,Other Events
12/05/2011 16:53:18,0000066756-11-000050.txt,8-K,12/05/2011 00:00:00,Financial Statements and Exhibits
29/04/2011 08:04:25,0000066756-11-000048.txt,10-Q,29/04/2011 00:00:00,
29/04/2011 08:04:25,0000066756-11-000048.txt,10-Q,29/04/2011 00:00:00,
22/03/2011 08:00:37,0001104659-11-015669.txt,DEF 14A,22/03/2011 00:00:00,
16/02/2011 08:03:28,0000066756-11-000029.txt,10-K,16/02/2011 00:00:00,
24/01/2011 16:37:13,0000066756-11-000012.txt,8-K,24/01/2011 00:00:00,Departure of Directors or Certain Officers; Election of Directors; Appointment of Certain Officers: Compensatory Arrangements of Certain Officers
09/12/2010 10:34:22,0000066756-10-000104.txt,8-K,09/12/2010 00:00:00,Regulation FD Disclosure
03/11/2010 16:09:02,0000066756-10-000101.txt,8-K,03/11/2010 00:00:00,Other Events
29/10/2010 08:22:53,0000066756-10-000091.txt,10-Q,29/10/2010 00:00:00,
29/10/2010 08:22:53,0000066756-10-000091.txt,10-Q,29/10/2010 00:00:00,
01/10/2010 12:05:04,0000066756-10-000080.txt,8-K,01/10/2010 00:00:00,Other Events
04/08/2010 08:02:06,0000066756-10-000077.txt,10-Q,04/08/2010 00:00:00,
04/08/2010 08:02:06,0000066756-10-000077.txt,10-Q,04/08/2010 00:00:00,
21/06/2010 16:45:14,0000066756-10-000073.txt,8-K,21/06/2010 00:00:00,Regulation FD Disclosure
14/05/2010 16:05:17,0000066756-10-000052.txt,8-K,14/05/2010 00:00:00,Submission of Matters to a Vote of Security Holders
14/05/2010 16:05:17,0000066756-10-000052.txt,8-K,14/05/2010 00:00:00,Financial Statements and Exhibits
30/04/2010 08:02:11,0000066756-10-000043.txt,10-Q,30/04/2010 00:00:00,
30/04/2010 08:02:11,0000066756-10-000043.txt,10-Q,30/04/2010 00:00:00,
26/04/2010 16:12:02,0000066756-10-000040.txt,8-K,26/04/2010 00:00:00,Departure of Directors or Certain Officers; Election of Directors; Appointment of Certain Officers: Compensatory Arrangements of Certain Officers
26/04/2010 16:12:02,0000066756-10-000040.txt,8-K,26/04/2010 00:00:00,Other Events
06/04/2010 16:29:03,0000066756-10-000038.txt,8-K,06/04/2010 00:00:00,Regulation FD Disclosure
06/04/2010 16:29:03,0000066756-10-000038.txt,8-K,06/04/2010 00:00:00,Other Events
23/03/2010 15:37:47,0000066756-10-000033.txt,DEF 14A,23/03/2010 00:00:00,
02/03/2010 17:25:24,0000066756-10-000024.txt,8-K,02/03/2010 00:00:00,Regulation FD Disclosure
02/03/2010 17:25:24,0000066756-10-000024.txt,8-K,02/03/2010 00:00:00,Other Events
12/02/2010 08:03:23,0000066756-10-000018.txt,10-K,12/02/2010 00:00:00,
11/02/2010 17:18:18,0000066756-10-000016.txt,8-K,11/02/2010 00:00:00,Departure of Directors or Certain Officers; Election of Directors; Appointment of Certain Officers: Compensatory Arrangements of Certain Officers
11/02/2010 17:18:18,0000066756-10-000016.txt,8-K,11/02/2010 00:00:00,Financial Statements and Exhibits
25/01/2010 16:03:23,0000066756-10-000014.txt,8-K,25/01/2010 00:00:00,Departure of Directors or Certain Officers; Election of Directors; Appointment of Certain Officers: Compensatory Arrangements of Certain Officers
07/01/2010 16:40:25,0000066756-10-000005.txt,8-K,07/01/2010 00:00:00,Regulation FD Disclosure
07/01/2010 16:40:25,0000066756-10-000005.txt,8-K,07/01/2010 00:00:00,Other Events
07/01/2010 16:40:25,0000066756-10-000005.txt,8-K,07/01/2010 00:00:00,Financial Statements and Exhibits
04/01/2010 17:15:11,0000066756-10-000002.txt,8-K,04/01/2010 00:00:00,Creation of a Direct Financial Obligation or an Obligation under an Off-Balance Sheet Arrangement of a Registrant
04/01/2010 17:15:11,0000066756-10-000002.txt,8-K,04/01/2010 00:00:00,Other Events
16/12/2009 13:11:27,0000066756-09-000101.txt,8-K,16/12/2009 00:00:00,Other Events
09/12/2009 17:18:55,0000066756-09-000099.txt,8-K,09/12/2009 00:00:00,Creation of a Direct Financial Obligation or an Obligation under an Off-Balance Sheet Arrangement of a Registrant
03/12/2009 17:10:12,0000066756-09-000096.txt,8-K,03/12/2009 00:00:00,Other Events
03/11/2009 08:07:08,0000066756-09-000091.txt,10-Q,03/11/2009 00:00:00,
03/11/2009 08:07:08,0000066756-09-000091.txt,10-Q,03/11/2009 00:00:00,
02/11/2009 17:12:20,0000066756-09-000090.txt,8-K,02/11/2009 00:00:00,Other Events
02/11/2009 17:10:15,0000066756-09-000089.txt,8-K,02/11/2009 00:00:00,Other Events
02/11/2009 17:10:15,0000066756-09-000089.txt,8-K,02/11/2009 00:00:00,Financial Statements and Exhibits
30/10/2009 08:01:13,0000066756-09-000085.txt,8-K,30/10/2009 00:00:00,Results of Operations and Financial Condition
30/10/2009 08:01:13,0000066756-09-000085.txt,8-K,30/10/2009 00:00:00,Financial Statements and Exhibits
23/10/2009 17:13:37,0000066756-09-000083.txt,8-K,23/10/2009 00:00:00,Departure of Directors or Certain Officers; Election of Directors; Appointment of Certain Officers: Compensatory Arrangements of Certain Officers
05/08/2009 08:04:26,0000066756-09-000076.txt,10-Q,05/08/2009 00:00:00,
05/08/2009 08:04:26,0000066756-09-000076.txt,10-Q,05/08/2009 00:00:00,
27/07/2009 16:16:20,0000066756-09-000073.txt,8-K,27/07/2009 00:00:00,Departure of Directors or Certain Officers; Election of Directors; Appointment of Certain Officers: Compensatory Arrangements of Certain Officers
15/07/2009 17:30:16,0000066756-09-000065.txt,8-K,15/07/2009 00:00:00,Other Events
14/05/2009 17:08:27,0000066756-09-000046.txt,8-K,14/05/2009 00:00:00,Departure of Directors or Certain Officers; Election of Directors; Appointment of Certain Officers: Compensatory Arrangements of Certain Officers
14/05/2009 17:08:27,0000066756-09-000046.txt,8-K/A,14/05/2009 00:00:00,Departure of Directors or Certain Officers; Election of Directors; Appointment of Certain Officers: Compensatory Arrangements of Certain Officers
13/05/2009 12:34:29,0000066756-09-000040.txt,8-K,13/05/2009 00:00:00,Departure of Directors or Certain Officers; Election of Directors; Appointment of Certain Officers: Compensatory Arrangements of Certain Officers
01/05/2009 08:03:47,0000066756-09-000038.txt,10-Q,01/05/2009 00:00:00,
01/05/2009 08:03:47,0000066756-09-000038.txt,10-Q,01/05/2009 00:00:00,
07/04/2009 14:10:17,0000066756-09-000035.txt,8-K,07/04/2009 00:00:00,Other Events
24/03/2009 09:11:19,0000066756-09-000031.txt,DEF 14A,24/03/2009 00:00:00,
05/03/2009 07:58:10,0000066756-09-000027.txt,8-K,05/03/2009 00:00:00,Other Events
26/02/2009 16:58:41,0000066756-09-000020.txt,10-K,26/02/2009 00:00:00,
26/02/2009 16:58:41,0000066756-09-000020.txt,10-K/A,26/02/2009 00:00:00,
17/02/2009 07:56:06,0000066756-09-000017.txt,8-K,17/02/2009 00:00:00,Other Events
17/02/2009 07:56:06,0000066756-09-000017.txt,8-K,17/02/2009 00:00:00,Financial Statements and Exhibits
13/02/2009 08:05:59,0000066756-09-000015.txt,10-K,13/02/2009 00:00:00,
05/12/2008 08:11:18,0000066756-08-000080.txt,8-K,05/12/2008 00:00:00,Other Events
12/11/2008 09:43:47,0000066756-08-000075.txt,8-K,12/11/2008 00:00:00,Creation of a Direct Financial Obligation or an Obligation under an Off-Balance Sheet Arrangement of a Registrant
31/10/2008 08:04:35,0000066756-08-000070.txt,10-Q,31/10/2008 00:00:00,
31/10/2008 08:04:35,0000066756-08-000070.txt,10-Q,31/10/2008 00:00:00,
29/08/2008 08:04:21,0000066756-08-000060.txt,8-K,29/08/2008 00:00:00,Other Events
01/08/2008 08:12:16,0000066756-08-000056.txt,10-Q,01/08/2008 00:00:00,
01/08/2008 08:12:16,0000066756-08-000056.txt,10-Q,01/08/2008 00:00:00,
16/05/2008 14:45:47,0000066756-08-000036.txt,8-K,16/05/2008 00:00:00,Departure of Directors or Principal Officers; Election of Directors; Appointment of Principal Officers
13/05/2008 09:04:02,0000066756-08-000034.txt,8-K,13/05/2008 00:00:00,Other Events
13/05/2008 09:04:02,0000066756-08-000034.txt,8-K,13/05/2008 00:00:00,Financial Statements and Exhibits
02/05/2008 09:34:28,0000066756-08-000032.txt,10-Q,02/05/2008 00:00:00,
02/05/2008 09:34:28,0000066756-08-000032.txt,10-Q,02/05/2008 00:00:00,
25/03/2008 15:13:35,0000066756-08-000030.txt,DEF 14A,25/03/2008 00:00:00,
24/03/2008 16:18:59,0000066756-08-000028.txt,8-K,24/03/2008 00:00:00,Creation of a Direct Financial Obligation or an Obligation under an Off-Balance Sheet Arrangement of a Registrant
19/02/2008 08:00:56,0000066756-08-000020.txt,8-K,19/02/2008 00:00:00,Other Events
15/02/2008 08:11:25,0000066756-08-000017.txt,10-K,15/02/2008 00:00:00,
12/02/2008 08:34:12,0000066756-08-000013.txt,8-K,12/02/2008 00:00:00,Other Events
15/01/2008 17:44:17,0000066756-08-000002.txt,8-K,16/01/2008 00:00:00,Creation of a Direct Financial Obligation or an Obligation under an Off-Balance Sheet Arrangement of a Registrant
31/12/2007 09:32:34,0000066756-07-000078.txt,8-K,31/12/2007 00:00:00,Other Events
31/12/2007 09:32:34,0000066756-07-000078.txt,8-K,31/12/2007 00:00:00,Financial Statements and Exhibits
07/12/2007 08:41:06,0000066756-07-000069.txt,8-K,07/12/2007 00:00:00,Other Events
09/11/2007 10:08:31,0000066756-07-000067.txt,10-Q,09/11/2007 00:00:00,
09/11/2007 10:08:31,0000066756-07-000067.txt,10-Q,09/11/2007 00:00:00,
09/11/2007 10:08:31,0000066756-07-000067.txt,10-Q/A,09/11/2007 00:00:00,
09/11/2007 10:08:31,0000066756-07-000067.txt,10-Q/A,09/11/2007 00:00:00,
26/10/2007 06:06:48,0000066756-07-000065.txt,10-Q,26/10/2007 00:00:00,
26/10/2007 06:06:48,0000066756-07-000065.txt,10-Q,26/10/2007 00:00:00,
26/07/2007 17:50:02,0000066756-07-000054.txt,10-Q,27/07/2007 00:00:00,
26/07/2007 17:50:02,0000066756-07-000054.txt,10-Q,27/07/2007 00:00:00,
23/07/2007 16:27:41,0000066756-07-000050.txt,8-K,23/07/2007 00:00:00,Departure of Directors or Principal Officers; Election of Directors; Appointment of Principal Officers
07/06/2007 15:45:49,0000066756-07-000044.txt,8-K,07/06/2007 00:00:00,Creation of a Direct Financial Obligation or an Obligation under an Off-Balance Sheet Arrangement of a Registrant
04/05/2007 08:01:47,0000066756-07-000026.txt,10-Q,04/05/2007 00:00:00,
04/05/2007 08:01:47,0000066756-07-000026.txt,10-Q,04/05/2007 00:00:00,
21/03/2007 10:44:16,0000066756-07-000018.txt,DEF 14A,21/03/2007 00:00:00,
16/02/2007 08:07:25,0000066756-07-000013.txt,10-K,16/02/2007 00:00:00,
21/12/2006 15:38:37,0000066756-06-000081.txt,8-K,21/12/2006 00:00:00,Other Events
15/12/2006 16:04:31,0000066756-06-000079.txt,8-K,15/12/2006 00:00:00,Other Events
30/10/2006 08:04:46,0000066756-06-000076.txt,10-Q,30/10/2006 00:00:00,
30/10/2006 08:04:46,0000066756-06-000076.txt,10-Q,30/10/2006 00:00:00,
18/09/2006 11:33:33,0000066756-06-000074.txt,8-K,18/09/2006 00:00:00,Creation of a Direct Financial Obligation or an Obligation under an Off-Balance Sheet Arrangement of a Registrant
14/08/2006 17:30:01,0000066756-06-000069.txt,8-K,14/08/2006 00:00:00,Entry into a Material Definitive Agreement
14/08/2006 17:30:01,0000066756-06-000069.txt,8-K,14/08/2006 00:00:00,Other Events
28/07/2006 08:22:42,0000066756-06-000067.txt,10-Q,28/07/2006 00:00:00,
28/07/2006 08:22:42,0000066756-06-000067.txt,10-Q,28/07/2006 00:00:00,
20/07/2006 15:45:16,0000066756-06-000064.txt,8-K,20/07/2006 00:00:00,Departure of Directors or Principal Officers; Election of Directors; Appointment of Principal Officers
14/07/2006 15:17:53,0000066756-06-000059.txt,8-K,14/07/2006 00:00:00,Entry into a Material Definitive Agreement
14/07/2006 15:17:53,0000066756-06-000059.txt,8-K,14/07/2006 00:00:00,Material Modifications to Rights of Security Holders
14/07/2006 15:17:53,0000066756-06-000059.txt,8-K,14/07/2006 00:00:00,Departure of Directors or Principal Officers; Election of Directors; Appointment of Principal Officers
14/07/2006 15:17:53,0000066756-06-000059.txt,8-K,14/07/2006 00:00:00,Financial Statements and Exhibits
07/07/2006 13:00:19,0000066756-06-000056.txt,8-K,07/07/2006 00:00:00,Creation of a Direct Financial Obligation or an Obligation under an Off-Balance Sheet Arrangement of a Registrant
08/06/2006 16:04:13,0000066756-06-000054.txt,8-K,08/06/2006 00:00:00,Departure of Directors or Principal Officers; Election of Directors; Appointment of Principal Officers
26/05/2006 11:39:40,0000066756-06-000040.txt,8-K,26/05/2006 00:00:00,Other Events
19/05/2006 09:16:28,0000066756-06-000038.txt,8-K,19/05/2006 00:00:00,Departure of Directors or Principal Officers; Election of Directors; Appointment of Principal Officers
08/05/2006 17:27:58,0000066756-06-000035.txt,10-Q,08/05/2006 00:00:00,
08/05/2006 17:27:58,0000066756-06-000035.txt,10-Q,08/05/2006 00:00:00,
05/05/2006 09:07:24,0000066756-06-000033.txt,8-K,05/05/2006 00:00:00,Results of Operations and Financial Condition
05/05/2006 09:07:24,0000066756-06-000033.txt,8-K,05/05/2006 00:00:00,Financial Statements and Exhibits
21/03/2006 10:36:31,0000066756-06-000031.txt,DEF 14A,21/03/2006 00:00:00,
10/03/2006 09:32:57,0000066756-06-000029.txt,8-K,10/03/2006 00:00:00,Regulation FD Disclosure
17/02/2006 09:49:29,0000066756-06-000024.txt,10-K,17/02/2006 00:00:00,
17/02/2006 14:27:07,0000066756-06-000025.txt,8-K,17/02/2006 00:00:00,Entry into a Material Definitive Agreement
17/02/2006 14:27:07,0000066756-06-000025.txt,8-K,17/02/2006 00:00:00,Financial Statements and Exhibits
16/02/2006 09:09:26,0000066756-06-000022.txt,8-K,16/02/2006 00:00:00,Results of Operations and Financial Condition
16/02/2006 09:09:26,0000066756-06-000022.txt,8-K,16/02/2006 00:00:00,Financial Statements and Exhibits
30/01/2006 16:41:20,0000066756-06-000008.txt,8-K,30/01/2006 00:00:00,Entry into a Material Definitive Agreement
30/01/2006 16:41:20,0000066756-06-000008.txt,8-K,30/01/2006 00:00:00,Financial Statements and Exhibits
17/01/2006 13:14:09,0000066756-06-000006.txt,8-K,17/01/2006 00:00:00,Creation of a Direct Financial Obligation or an Obligation under an Off-Balance Sheet Arrangement of a Registrant
17/01/2006 13:14:09,0000066756-06-000006.txt,8-K,17/01/2006 00:00:00,Financial Statements and Exhibits
27/12/2005 08:41:26,0000066756-05-000123.txt,8-K,27/12/2005 00:00:00,Other Events
21/12/2005 14:22:15,0000066756-05-000121.txt,8-K,21/12/2005 00:00:00,Entry into a Material Definitive Agreement
21/12/2005 14:22:15,0000066756-05-000121.txt,8-K,21/12/2005 00:00:00,Financial Statements and Exhibits
15/12/2005 17:01:22,0000066756-05-000119.txt,8-K,15/12/2005 00:00:00,Other Events
14/11/2005 10:10:03,0000066756-05-000114.txt,8-K,14/11/2005 00:00:00,Other Events
28/10/2005 08:06:13,0000066756-05-000109.txt,10-Q,28/10/2005 00:00:00,
28/10/2005 08:06:13,0000066756-05-000109.txt,10-Q,28/10/2005 00:00:00,
07/10/2005 14:24:38,0000066756-05-000105.txt,8-K,07/10/2005 00:00:00,Creation of a Direct Financial Obligation or an Obligation under an Off-Balance Sheet Arrangement of a Registrant
31/08/2005 16:21:33,0000066756-05-000102.txt,8-K,31/08/2005 00:00:00,Other Events
29/07/2005 08:10:28,0000066756-05-000098.txt,10-Q,29/07/2005 00:00:00,
29/07/2005 08:10:28,0000066756-05-000098.txt,10-Q,29/07/2005 00:00:00,
26/07/2005 17:02:21,0000066756-05-000095.txt,8-K,26/07/2005 00:00:00,Entry into a Material Definitive Agreement
16/05/2005 16:42:26,0000066756-05-000076.txt,8-K,16/05/2005 00:00:00,Entry into a Material Definitive Agreement
16/05/2005 16:42:26,0000066756-05-000076.txt,8-K,16/05/2005 00:00:00,Regulation FD Disclosure
29/04/2005 07:54:42,0000066756-05-000072.txt,10-Q,29/04/2005 00:00:00,
29/04/2005 07:54:42,0000066756-05-000072.txt,10-Q,29/04/2005 00:00:00,
01/04/2005 12:57:10,0000066756-05-000064.txt,8-K,01/04/2005 00:00:00,Other Events
01/04/2005 12:57:10,0000066756-05-000064.txt,8-K,01/04/2005 00:00:00,Financial Statements and Exhibits
29/03/2005 12:22:37,0000066756-05-000062.txt,8-K,29/03/2005 00:00:00,Other Events
22/03/2005 11:46:50,0000066756-05-000059.txt,DEF 14A,22/03/2005 00:00:00,
18/03/2005 17:21:11,0000066756-05-000056.txt,8-K,18/03/2005 00:00:00,Changes in Registrant.s Certifying Accountant
18/03/2005 17:21:11,0000066756-05-000056.txt,8-K,18/03/2005 00:00:00,Financial Statements and Exhibits
17/02/2005 15:03:30,0000066756-05-000047.txt,8-K,17/02/2005 00:00:00,Other Events
11/02/2005 08:34:10,0000066756-05-000040.txt,10-K,11/02/2005 00:00:00,
10/02/2005 09:22:16,0000066756-05-000033.txt,8-K,10/02/2005 00:00:00,Results of Operations and Financial Condition
10/02/2005 09:22:16,0000066756-05-000033.txt,8-K,10/02/2005 00:00:00,Creation of a Direct Financial Obligation or an Obligation under an Off-Balance Sheet Arrangement of a Registrant
10/02/2005 09:22:16,0000066756-05-000033.txt,8-K,10/02/2005 00:00:00,Financial Statements and Exhibits
04/01/2005 09:12:06,0000066756-05-000003.txt,8-K,04/01/2005 00:00:00,Entry into a Material Definitive Agreement
04/01/2005 09:12:06,0000066756-05-000003.txt,8-K,04/01/2005 00:00:00,Financial Statements and Exhibits
13/12/2004 16:00:12,0000066756-04-000124.txt,8-K,13/12/2004 00:00:00,Other Events
12/11/2004 11:00:49,0000066756-04-000118.txt,8-K,12/11/2004 00:00:00,Regulation FD Disclosure
04/11/2004 15:00:58,0000066756-04-000114.txt,10-Q,04/11/2004 00:00:00,
04/11/2004 15:00:58,0000066756-04-000114.txt,10-Q,04/11/2004 00:00:00,
28/10/2004 16:38:01,0000066756-04-000108.txt,8-K,28/10/2004 00:00:00,Regulation FD Disclosure
22/10/2004 10:20:46,0000066756-04-000106.txt,8-K,22/10/2004 00:00:00,Results of Operations and Financial Condition
22/10/2004 10:20:46,0000066756-04-000106.txt,8-K,22/10/2004 00:00:00,Departure of Directors or Principal Officers; Election of Directors; Appointment of Principal Officers
29/09/2004 11:54:45,0000066756-04-000096.txt,8-K,29/09/2004 00:00:00,Creation of a Direct Financial Obligation or an Obligation under an Off-Balance Sheet Arrangement of a Registrant
21/09/2004 15:28:43,0000066756-04-000094.txt,8-K,21/09/2004 00:00:00,Completion of Acquisition or Disposition of Assets
21/09/2004 15:28:43,0000066756-04-000094.txt,8-K,21/09/2004 00:00:00,Amendments to Articles of Incorporation or Bylaws; Change in Fiscal Year
21/09/2004 15:28:43,0000066756-04-000094.txt,8-K,21/09/2004 00:00:00,Other Events
21/09/2004 15:28:43,0000066756-04-000094.txt,8-K,21/09/2004 00:00:00,Financial Statements and Exhibits
16/09/2004 14:15:51,0000066756-04-000092.txt,8-K,16/09/2004 00:00:00,Other Events
16/09/2004 14:15:51,0000066756-04-000092.txt,8-K,16/09/2004 00:00:00,Financial Statements and Exhibits
25/08/2004 14:12:52,0000066756-04-000085.txt,8-K,25/08/2004 00:00:00,Departure of Directors or Principal Officers; Election of Directors; Appointment of Principal Officers
25/08/2004 14:12:52,0000066756-04-000085.txt,8-K,25/08/2004 00:00:00,Amendments to Articles of Incorporation or Bylaws; Change in Fiscal Year
25/08/2004 14:12:52,0000066756-04-000085.txt,8-K,25/08/2004 00:00:00,Temporary Suspension of Trading Under Registrant's Employee Benefit Plans
25/08/2004 14:12:52,0000066756-04-000085.txt,8-K,25/08/2004 00:00:00,Regulation FD Disclosure
25/08/2004 14:12:52,0000066756-04-000085.txt,8-K,25/08/2004 00:00:00,Other Events
25/08/2004 14:12:52,0000066756-04-000085.txt,8-K,25/08/2004 00:00:00,Financial Statements and Exhibits
06/08/2004 17:22:35,0000066756-04-000083.txt,10-Q,06/08/2004 00:00:00,
06/08/2004 17:22:35,0000066756-04-000083.txt,10-Q,06/08/2004 00:00:00,
21/07/2004 16:07:00,0000066756-04-000077.txt,8-K,21/07/2004 00:00:00,
01/07/2004 11:55:46,0000066756-04-000075.txt,8-K,01/07/2004 00:00:00,Other events
22/06/2004 11:40:24,0000066756-04-000072.txt,8-K,22/06/2004 00:00:00,Other events
16/06/2004 16:49:51,0000066756-04-000069.txt,8-K,16/06/2004 00:00:00,Other events
01/06/2004 15:18:53,0000066756-04-000056.txt,8-K,01/06/2004 00:00:00,Other events
30/04/2004 10:42:10,0000066756-04-000046.txt,10-Q,30/04/2004 00:00:00,
30/04/2004 10:42:10,0000066756-04-000046.txt,10-Q,30/04/2004 00:00:00,
22/04/2004 09:45:49,0000066756-04-000044.txt,8-K,22/04/2004 00:00:00,
25/03/2004 10:09:35,0000066756-04-000039.txt,DEF 14A,25/03/2004 00:00:00,
11/03/2004 12:09:42,0000066756-04-000034.txt,10-K,11/03/2004 00:00:00,
30/01/2004 10:09:17,0000066756-04-000006.txt,8-K,30/01/2004 00:00:00,
26/01/2004 16:55:32,0000066756-04-000002.txt,8-K,26/01/2004 00:00:00,Other events
05/12/2003 14:17:50,0000066756-03-000163.txt,8-K,05/12/2003 00:00:00,Other events
21/11/2003 15:44:49,0000066756-03-000159.txt,8-K,21/11/2003 00:00:00,Other events
21/11/2003 15:44:49,0000066756-03-000159.txt,8-K,21/11/2003 00:00:00,Financial statements and exhibits
18/11/2003 16:38:59,0000066756-03-000157.txt,8-K,18/11/2003 00:00:00,Other events
13/11/2003 16:32:40,0000066756-03-000155.txt,8-K,13/11/2003 00:00:00,Other events
12/11/2003 14:21:43,0000066756-03-000153.txt,10-Q,12/11/2003 00:00:00,
12/11/2003 14:21:43,0000066756-03-000153.txt,10-Q,12/11/2003 00:00:00,
06/11/2003 16:07:22,0000066756-03-000150.txt,8-K,06/11/2003 00:00:00,Other events
31/10/2003 16:29:08,0000066756-03-000148.txt,8-K,31/10/2003 00:00:00,Other events
30/10/2003 16:18:11,0000066756-03-000147.txt,8-K,30/10/2003 00:00:00,Other events
24/10/2003 09:33:39,0000066756-03-000145.txt,8-K,24/10/2003 00:00:00,
24/10/2003 09:33:39,0000066756-03-000145.txt,8-K,24/10/2003 00:00:00,Other events
24/10/2003 09:33:39,0000066756-03-000145.txt,8-K,24/10/2003 00:00:00,Financial statements and exhibits
15/10/2003 15:49:12,0000066756-03-000142.txt,8-K,15/10/2003 00:00:00,Other events
15/09/2003 15:51:39,0000066756-03-000131.txt,8-K,15/09/2003 00:00:00,Other events
04/09/2003 16:44:15,0000066756-03-000127.txt,8-K,04/09/2003 00:00:00,Other events
27/08/2003 16:50:42,0000066756-03-000125.txt,8-K,27/08/2003 00:00:00,Other events
27/08/2003 16:50:42,0000066756-03-000125.txt,8-K,27/08/2003 00:00:00,Financial statements and exhibits
20/08/2003 16:24:17,0000066756-03-000120.txt,8-K,20/08/2003 00:00:00,Other events
08/08/2003 10:21:15,0000066756-03-000114.txt,10-Q,08/08/2003 00:00:00,
08/08/2003 10:21:15,0000066756-03-000114.txt,10-Q,08/08/2003 00:00:00,
24/07/2003 14:26:41,0000066756-03-000108.txt,8-K,24/07/2003 00:00:00,Other events
24/07/2003 14:26:41,0000066756-03-000108.txt,8-K,24/07/2003 00:00:00,Financial statements and exhibits
28/05/2003 11:28:43,0000066756-03-000092.txt,8-K,28/05/2003 00:00:00,Other events
09/05/2003 12:06:43,0000066756-03-000076.txt,10-Q,09/05/2003 00:00:00,
09/05/2003 12:06:43,0000066756-03-000076.txt,10-Q,09/05/2003 00:00:00,
25/04/2003 09:25:20,0000066756-03-000064.txt,8-K,25/04/2003 00:00:00,Financial statements and exhibits
25/04/2003 09:25:20,0000066756-03-000064.txt,8-K,25/04/2003 00:00:00,Regulation FD Disclosure
25/03/2003 10:48:01,0000066756-03-000060.txt,DEF 14A,25/03/2003 00:00:00,
14/03/2003 16:16:50,0000066756-03-000056.txt,8-K,14/03/2003 00:00:00,Other events
07/03/2003 19:02:16,0000066756-03-000054.txt,8-K,10/03/2003 00:00:00,Financial statements and exhibits
14/02/2003 15:42:23,0000066756-03-000048.txt,10-K,14/02/2003 00:00:00,
24/01/2003 11:53:41,0000066756-03-000013.txt,8-K,24/01/2003 00:00:00,Financial statements and exhibits
30/12/2002 16:24:43,0000066756-02-000110.txt,8-K,30/12/2002 00:00:00,Other events
20/12/2002 12:50:05,0000066756-02-000108.txt,8-K,20/12/2002 00:00:00,Other events
20/12/2002 12:50:05,0000066756-02-000108.txt,8-K,20/12/2002 00:00:00,Financial statements and exhibits
09/12/2002 20:15:49,0000066756-02-000106.txt,8-K,10/12/2002 00:00:00,Other events
01/11/2002 12:18:34,0000066756-02-000097.txt,10-Q,01/11/2002 00:00:00,
01/11/2002 12:18:34,0000066756-02-000097.txt,10-Q,01/11/2002 00:00:00,
18/10/2002 11:16:35,0000066756-02-000093.txt,8-K,18/10/2002 00:00:00,Financial statements and exhibits
20/09/2002 15:42:40,0000066756-02-000053.txt,8-K,20/09/2002 00:00:00,Other events
20/09/2002 15:42:40,0000066756-02-000053.txt,8-K,20/09/2002 00:00:00,Financial statements and exhibits
19/09/2002 17:15:20,0000066756-02-000051.txt,8-K,19/09/2002 00:00:00,Other events
05/08/2002 12:13:05,0000066756-02-000046.txt,10-Q,05/08/2002 00:00:00,
05/08/2002 12:13:05,0000066756-02-000046.txt,10-Q,05/08/2002 00:00:00,
05/08/2002 14:00:50,0000066756-02-000047.txt,8-K,05/08/2002 00:00:00,Other events
05/08/2002 14:00:50,0000066756-02-000047.txt,8-K,05/08/2002 00:00:00,Financial statements and exhibits
19/07/2002 11:44:38,0000066756-02-000042.txt,8-K,19/07/2002 00:00:00,Financial statements and exhibits
,0000066756-02-000034.txt,10-Q,10/05/2002 00:00:00,
,0000066756-02-000034.txt,10-Q,10/05/2002 00:00:00,
,0000066756-02-000031.txt,8-K,28/03/2002 00:00:00,Other events
,0000066756-02-000031.txt,8-K,28/03/2002 00:00:00,Financial statements and exhibits
,0000066756-02-000028.txt,DEF 14A,26/03/2002 00:00:00,
,0000066756-02-000020.txt,8-K,28/02/2002 00:00:00,Other events
,0000066756-02-000018.txt,10-K,08/02/2002 00:00:00,
,0000066756-02-000012.txt,8-K,25/01/2002 00:00:00,Other events
,0000066756-02-000009.txt,8-K,24/01/2002 00:00:00,Financial statements and exhibits
,0000066756-02-000004.txt,8-K,14/01/2002 00:00:00,Other events
,0000066756-01-500064.txt,8-K,21/12/2001 00:00:00,Other events
,0000066756-01-500061.txt,10-Q,26/10/2001 00:00:00,
,0000066756-01-500061.txt,10-Q,26/10/2001 00:00:00,
,0000066756-01-500059.txt,8-K,18/10/2001 00:00:00,Financial statements and exhibits
,0000066756-01-500057.txt,8-K,10/10/2001 00:00:00,Other events
,0000066756-01-500054.txt,8-K,24/09/2001 00:00:00,Other events
,0000066756-01-500051.txt,8-K,29/08/2001 00:00:00,Other events
,0000066756-01-500046.txt,10-Q,03/08/2001 00:00:00,
,0000066756-01-500046.txt,10-Q,03/08/2001 00:00:00,
,0000066756-01-500041.txt,8-K,19/07/2001 00:00:00,
,0000066756-01-500029.txt,8-K,18/05/2001 00:00:00,
,0000066756-01-500027.txt,10-Q,08/05/2001 00:00:00,
,0000066756-01-500027.txt,10-Q,08/05/2001 00:00:00,
,0000066756-01-500019.txt,8-K,18/04/2001 00:00:00,
,0000066756-01-500015.txt,8-K,11/04/2001 00:00:00,
,0000066756-01-000019.txt,DEF 14A,16/03/2001 00:00:00,
,0000066756-01-000014.txt,10-K,06/02/2001 00:00:00,
,0000066756-01-000004.txt,8-K,19/01/2001 00:00:00,
,0000066756-01-000004.txt,8-K,19/01/2001 00:00:00,
,0000066756-00-000059.txt,10-Q,27/10/2000 00:00:00,
,0000066756-00-000059.txt,10-Q,27/10/2000 00:00:00,
,0000066756-00-000051.txt,8-K,18/10/2000 00:00:00,
,0000066756-00-000049.txt,8-K,10/10/2000 00:00:00,
,0000066756-00-000049.txt,8-K,10/10/2000 00:00:00,
,0000066756-00-000044.txt,8-K,08/08/2000 00:00:00,
,0000066756-00-000042.txt,10-Q,03/08/2000 00:00:00,
,0000066756-00-000042.txt,10-Q,03/08/2000 00:00:00,
,0000066756-00-000033.txt,8-K,19/07/2000 00:00:00,
,0000066756-00-000031.txt,8-K,28/06/2000 00:00:00,
,0000066756-00-000029.txt,8-K,20/06/2000 00:00:00,
,0000066756-00-000016.txt,10-Q,09/05/2000 00:00:00,
,0000066756-00-000016.txt,10-Q,09/05/2000 00:00:00,
,0000066756-00-000012.txt,DEF 14A,17/03/2000 00:00:00,
,0000066756-00-000009.txt,10-K,07/02/2000 00:00:00,
,0000066756-99-000053.txt,8-K,30/12/1999 00:00:00,
,0000066756-99-000051.txt,8-K,16/12/1999 00:00:00,
,0000066756-99-000048.txt,10-Q,05/11/1999 00:00:00,
,0000066756-99-000048.txt,10-Q,05/11/1999 00:00:00,
,0000066756-99-000046.txt,8-K,20/10/1999 00:00:00,
,0000066756-99-000033.txt,10-Q,06/08/1999 00:00:00,
,0000066756-99-000033.txt,10-Q,06/08/1999 00:00:00,
,0000066756-99-000028.txt,8-K,07/07/1999 00:00:00,
,0000066756-99-000026.txt,8-K,15/06/1999 00:00:00,
,0000066756-99-000018.txt,8-K,27/05/1999 00:00:00,
,0000066756-99-000016.txt,10-Q,07/05/1999 00:00:00,
,0000066756-99-000016.txt,10-Q,07/05/1999 00:00:00,
,0000066756-99-000012.txt,DEF 14A,22/03/1999 00:00:00,
,0000066756-99-000009.txt,8-K,26/02/1999 00:00:00,
,0000066756-99-000007.txt,8-K,12/02/1999 00:00:00,
,0000066756-99-000005.txt,10-K,09/02/1999 00:00:00,
,0000066756-98-000041.txt,10-Q,06/11/1998 00:00:00,
,0000066756-98-000041.txt,10-Q,06/11/1998 00:00:00,
,0000066756-98-000036.txt,10-Q,07/08/1998 00:00:00,
,0000066756-98-000036.txt,10-Q,07/08/1998 00:00:00,
,0000066756-98-000025.txt,8-K,03/06/1998 00:00:00,
,0000066756-98-000025.txt,8-K,03/06/1998 00:00:00,
,0000066756-98-000021.txt,8-K,15/05/1998 00:00:00,
,0000066756-98-000019.txt,10-Q,07/05/1998 00:00:00,
,0000066756-98-000019.txt,10-Q,07/05/1998 00:00:00,
,0000066756-98-000017.txt,10-K,25/03/1998 00:00:00,
,0000066756-98-000011.txt,DEF 14A,19/03/1998 00:00:00,
,0000066756-98-000002.txt,8-K,20/02/1998 00:00:00,
,0000066756-97-000068.txt,8-K,19/11/1997 00:00:00,
,0000066756-97-000066.txt,10-Q,31/10/1997 00:00:00,
,0000066756-97-000065.txt,10-Q,31/10/1997 00:00:00,
,0000066756-97-000066.txt,10-Q,31/10/1997 00:00:00,
,0000066756-97-000065.txt,10-Q,31/10/1997 00:00:00,
,0000066756-97-000066.txt,10-Q/A,31/10/1997 00:00:00,
,0000066756-97-000066.txt,10-Q/A,31/10/1997 00:00:00,
,0000066756-97-000059.txt,10-Q,16/09/1997 00:00:00,
,0000066756-97-000058.txt,10-Q,16/09/1997 00:00:00,
,0000066756-97-000059.txt,10-Q,16/09/1997 00:00:00,
,0000066756-97-000058.txt,10-Q,16/09/1997 00:00:00,
,0000066756-97-000058.txt,10-Q/A,16/09/1997 00:00:00,
,0000066756-97-000059.txt,10-Q/A,16/09/1997 00:00:00,
,0000066756-97-000058.txt,10-Q/A,16/09/1997 00:00:00,
,0000066756-97-000059.txt,10-Q/A,16/09/1997 00:00:00,
,0000066756-97-000060.txt,8-K,16/09/1997 00:00:00,
,0000066756-97-000061.txt,8-K,16/09/1997 00:00:00,
,0000066756-97-000060.txt,8-K/A,16/09/1997 00:00:00,
,0000066756-97-000061.txt,8-K/A,16/09/1997 00:00:00,
,0000066756-97-000053.txt,10-Q,07/08/1997 00:00:00,
,0000066756-97-000053.txt,10-Q,07/08/1997 00:00:00,
,0000066756-97-000044.txt,8-K,23/06/1997 00:00:00,Other events
,0000066756-97-000039.txt,10-Q,09/05/1997 00:00:00,
,0000066756-97-000039.txt,10-Q,09/05/1997 00:00:00,
,0000066756-97-000034.txt,10-K,28/03/1997 00:00:00,
20/03/1997 13:49:17,0000066756-97-000024.txt,DEF 14A,20/03/1997 00:00:00,
,0000066756-97-000022.txt,8-K,19/03/1997 00:00:00,Financial statements and exhibits
,0000066756-97-000013.txt,10-Q,22/01/1997 00:00:00,
,0000066756-97-000012.txt,10-Q,22/01/1997 00:00:00,
,0000066756-97-000011.txt,10-Q,22/01/1997 00:00:00,
,0000066756-97-000013.txt,10-Q,22/01/1997 00:00:00,
,0000066756-97-000012.txt,10-Q,22/01/1997 00:00:00,
,0000066756-97-000011.txt,10-Q,22/01/1997 00:00:00,
,0000066756-97-000011.txt,10-Q/A,22/01/1997 00:00:00,
,0000066756-97-000012.txt,10-Q/A,22/01/1997 00:00:00,
,0000066756-97-000013.txt,10-Q/A,22/01/1997 00:00:00,
,0000066756-97-000011.txt,10-Q/A,22/01/1997 00:00:00,
,0000066756-97-000012.txt,10-Q/A,22/01/1997 00:00:00,
,0000066756-97-000013.txt,10-Q/A,22/01/1997 00:00:00,
,0000066756-96-000079.txt,10-Q,20/12/1996 00:00:00,
,0000066756-96-000078.txt,10-Q,20/12/1996 00:00:00,
,0000066756-96-000079.txt,10-Q,20/12/1996 00:00:00,
,0000066756-96-000078.txt,10-Q,20/12/1996 00:00:00,
,0000066756-96-000078.txt,10-Q/A,20/12/1996 00:00:00,
,0000066756-96-000079.txt,10-Q/A,20/12/1996 00:00:00,
,0000066756-96-000078.txt,10-Q/A,20/12/1996 00:00:00,
,0000066756-96-000079.txt,10-Q/A,20/12/1996 00:00:00,
,0000066756-96-000080.txt,8-K,20/12/1996 00:00:00,Financial statements and exhibits
,0000066756-96-000080.txt,8-K/A,20/12/1996 00:00:00,Financial statements and exhibits
,0000066756-96-000064.txt,8-K,07/11/1996 00:00:00,Other events
,0000066756-96-000063.txt,10-Q,29/10/1996 00:00:00,
,0000066756-96-000063.txt,10-Q,29/10/1996 00:00:00,
,0000066756-96-000059.txt,8-K,03/10/1996 00:00:00,Other events
,0000066756-96-000058.txt,8-K,06/09/1996 00:00:00,Changes in registrant's certifying accountant
,0000066756-96-000058.txt,8-K,06/09/1996 00:00:00,Financial statements and exhibits
,0000066756-96-000057.txt,8-K,23/08/1996 00:00:00,Other events
,0000066756-96-000054.txt,10-Q,09/08/1996 00:00:00,
,0000066756-96-000054.txt,10-Q,09/08/1996 00:00:00,
,0000066756-96-000052.txt,8-K,02/08/1996 00:00:00,Other events
,0000066756-96-000052.txt,8-K,02/08/1996 00:00:00,Financial statements and exhibits
,0000066756-96-000042.txt,8-K,18/06/1996 00:00:00,Other events
,0000066756-96-000041.txt,10-Q,10/05/1996 00:00:00,
,0000066756-96-000041.txt,10-Q,10/05/1996 00:00:00,
,0000066756-96-000033.txt,8-K,09/04/1996 00:00:00,Other events
,0000066756-96-000032.txt,10-K,29/03/1996 00:00:00,
,0000066756-96-000015.txt,DEF 14A,20/03/1996 00:00:00,
,0000066756-96-000010.txt,8-K,11/03/1996 00:00:00,Other events
,0000066756-96-000005.txt,8-K,16/02/1996 00:00:00,Financial statements and exhibits
,0000066756-96-000003.txt,8-K,08/01/1996 00:00:00,Other events
,0000066756-95-000052.txt,10-Q,30/10/1995 00:00:00,
,0000066756-95-000052.txt,10-Q,30/10/1995 00:00:00,
,0000066756-95-000050.txt,8-K,06/10/1995 00:00:00,Other events
,0000066756-95-000047.txt,8-K,08/09/1995 00:00:00,Financial statements and exhibits
,0000066756-95-000047.txt,8-K/A,08/09/1995 00:00:00,Financial statements and exhibits
,0000066756-95-000045.txt,10-Q,11/08/1995 00:00:00,
,0000066756-95-000045.txt,10-Q,11/08/1995 00:00:00,
,0000066756-95-000043.txt,8-K,12/07/1995 00:00:00,Acquisition or disposition of assets
,0000066756-95-000043.txt,8-K,12/07/1995 00:00:00,Other events
,0000066756-95-000043.txt,8-K,12/07/1995 00:00:00,Financial statements and exhibits
,0000066756-95-000026.txt,10-Q,12/05/1995 00:00:00,
,0000066756-95-000026.txt,10-Q,12/05/1995 00:00:00,
,0000066756-95-000017.txt,DEF 14A,17/03/1995 00:00:00,
,0000066756-95-000013.txt,8-K,03/03/1995 00:00:00,Other events
,0000066756-95-000013.txt,8-K,03/03/1995 00:00:00,Financial statements and exhibits
,0000066756-95-000010.txt,8-K,27/02/1995 00:00:00,Financial statements and exhibits
,0000066756-95-000006.txt,8-K,23/02/1995 00:00:00,Other events
,0000066756-95-000003.txt,8-K,05/01/1995 00:00:00,Other events
,0000066756-95-000022.txt,10-K,,
,0000066756-95-000030.txt,8-K,,
,0000066756-95-000030.txt,8-K/A,,
