Date,% Slower,% Same,% Faster,Net,Index
2023-05-01,7.2,72.6,20.2,-13.0,43.5
2023-04-01,7.6,74.0,18.4,-10.8,44.6
2023-03-01,8.2,73.2,18.6,-10.4,44.8
2023-02-01,9.7,71.0,19.3,-9.6,45.2
2023-01-01,11.2,68.8,20.0,-8.8,45.6
2022-12-01,12.3,65.6,22.1,-9.8,45.1
2022-11-01,13.9,66.5,19.6,-5.7,47.2
2022-10-01,11.7,70.2,18.1,-6.4,46.8
2022-09-01,16.8,71.2,12.0,4.8,52.4
2022-08-01,19.6,71.0,9.4,10.2,55.1
2022-07-01,21.4,67.6,11.0,10.4,55.2
2022-06-01,27.4,59.8,12.8,14.6,57.3
2022-05-01,37.1,57.2,5.7,31.4,65.7
2022-04-01,38.7,57.0,4.3,34.4,67.2
2022-03-01,34.8,61.2,4.0,30.8,65.4
2022-02-01,39.0,54.2,6.8,32.2,66.1
2022-01-01,34.4,60.4,5.2,29.2,64.6
2021-12-01,34.7,60.5,4.8,29.9,64.9
2021-11-01,48.2,48.1,3.7,44.5,72.2
2021-10-01,52.5,46.1,1.4,51.1,75.6
2021-09-01,50.0,46.8,3.2,46.8,73.4
2021-08-01,42.7,53.7,3.6,39.1,69.5
2021-07-01,48.1,48.8,3.1,45.0,72.5
2021-06-01,53.5,43.2,3.3,50.2,75.1
2021-05-01,58.9,39.7,1.4,57.5,78.8
2021-04-01,53.9,42.2,3.9,50.0,75.0
2021-03-01,54.9,43.5,1.6,53.3,76.6
2021-02-01,45.4,53.1,1.5,43.9,72.0
2021-01-01,39.9,56.5,3.5,36.4,68.2
2020-12-01,39.5,56.3,4.2,35.3,67.7
2020-11-01,27.5,68.4,4.1,23.4,61.7
2020-10-01,24.7,71.5,3.8,20.9,60.5
2020-09-01,24.0,70.0,6.1,17.9,59.0
2020-08-01,23.4,69.6,7.1,16.3,58.2
2020-07-01,22.2,67.4,10.5,11.7,55.8
2020-06-01,22.9,68.1,9.0,13.9,56.9
2020-05-01,41.0,54.2,4.9,36.1,68.0
2020-04-01,55.8,40.3,3.9,51.9,76.0
2020-03-01,35.7,58.6,5.7,30.0,65.0
2020-02-01,20.3,74.0,5.7,14.6,57.3
2020-01-01,16.8,72.3,10.9,5.9,52.9
2019-12-01,11.5,81.4,7.0,4.5,52.2
2019-11-01,11.3,80.8,8.0,3.3,51.7
2019-10-01,10.0,80.1,9.9,0.1,50.1
2019-09-01,10.8,81.0,8.2,2.6,51.1
2019-08-01,12.7,77.8,9.5,3.2,51.4
2019-07-01,13.1,80.8,6.1,7.0,53.3
2019-06-01,9.7,83.0,7.3,2.4,50.7
2019-05-01,11.0,82.9,6.1,4.9,52.0
2019-04-01,18.0,73.6,8.4,9.6,54.6
2019-03-01,16.4,76.9,6.7,9.7,54.2
2019-02-01,16.6,77.3,6.1,10.5,54.9
2019-01-01,17.7,75.6,6.7,11.0,56.2
2018-12-01,17.6,78.0,4.4,13.2,59.0
2018-11-01,25.9,70.2,3.9,22.0,61.5
2018-10-01,30.4,66.9,2.7,27.7,63.2
2018-09-01,28.3,67.1,4.6,23.7,61.1
2018-08-01,32.6,62.9,4.5,28.1,64.5
2018-07-01,28.5,67.8,3.7,24.8,62.1
2018-06-01,38.7,58.9,2.4,36.3,68.2
2018-05-01,29.9,65.7,4.4,25.5,62.0
2018-04-01,25.6,71.3,3.2,22.4,61.1
2018-03-01,28.4,65.9,5.7,22.7,60.6
2018-02-01,26.2,70.4,3.4,22.8,61.1
2018-01-01,23.5,71.3,5.2,18.3,59.1
2017-12-01,19.0,74.6,6.3,12.7,57.2
2017-11-01,21.0,68.5,10.5,10.5,56.6
2017-10-01,25.7,68.8,5.5,20.2,60.1
2017-09-01,32.0,64.0,4.0,28.0,64.4
2017-08-01,18.0,78.0,4.0,14.0,57.1
2017-07-01,19.0,74.0,7.0,12.0,55.4
2017-06-01,17.0,78.0,5.0,12.0,57.0
2017-05-01,13.0,82.0,5.0,8.0,53.1
2017-04-01,17.0,79.0,4.0,13.0,55.1
2017-03-01,16.0,81.0,3.0,13.0,55.9
2017-02-01,16.0,79.0,5.0,11.0,54.8
2017-01-01,12.0,84.0,4.0,8.0,53.6
2016-12-01,9.0,86.0,5.0,4.0,53.0
2016-11-01,11.0,86.0,3.0,8.0,55.5
2016-10-01,8.0,87.0,5.0,3.0,52.2
2016-09-01,8.0,85.0,7.0,1.0,50.3
2016-08-01,8.0,86.0,6.0,2.0,50.9
2016-07-01,10.0,85.0,5.0,5.0,51.8
2016-06-01,12.0,84.0,4.0,8.0,55.4
2016-05-01,13.0,82.0,5.0,8.0,54.1
2016-04-01,8.0,85.0,7.0,1.0,49.1
2016-03-01,6.0,90.0,4.0,2.0,50.2
2016-02-01,7.0,87.0,6.0,1.0,49.7
2016-01-01,7.0,87.0,6.0,1.0,50.0
2015-12-01,7.0,84.0,9.0,-2.0,49.8
2015-11-01,5.0,86.0,9.0,-4.0,49.6
2015-10-01,5.0,88.0,7.0,-2.0,49.7
2015-09-01,8.0,84.0,8.0,0.0,50.2
2015-08-01,7.0,87.0,6.0,1.0,50.7
2015-07-01,7.0,86.0,7.0,0.0,48.9
2015-06-01,6.0,85.0,9.0,-3.0,48.8
2015-05-01,11.0,80.0,9.0,2.0,50.7
2015-04-01,12.0,80.0,8.0,4.0,50.1
2015-03-01,14.0,76.0,10.0,4.0,50.5
2015-02-01,17.0,75.0,8.0,9.0,54.3
2015-01-01,14.0,80.0,6.0,8.0,52.9
2014-12-01,17.0,80.0,3.0,14.0,59.3
2014-11-01,14.0,80.0,6.0,8.0,56.8
2014-10-01,15.0,79.0,6.0,9.0,56.2
2014-09-01,12.0,81.0,7.0,5.0,52.2
2014-08-01,13.0,82.0,5.0,8.0,53.9
2014-07-01,16.0,79.0,5.0,11.0,54.1
2014-06-01,11.0,83.0,6.0,5.0,51.9
2014-05-01,13.0,82.0,5.0,8.0,53.2
2014-04-01,17.0,81.0,2.0,15.0,55.9
2014-03-01,16.0,79.0,5.0,11.0,54.0
2014-02-01,17.0,82.0,1.0,16.0,58.5
2014-01-01,15.0,80.0,5.0,10.0,54.3
2013-12-01,12.0,79.0,9.0,3.0,53.7
2013-11-01,6.0,89.0,5.0,1.0,53.3
2013-10-01,11.0,83.0,6.0,5.0,54.1
2013-09-01,10.0,86.0,4.0,6.0,52.7
2013-08-01,12.0,81.0,7.0,5.0,52.4
2013-07-01,11.0,85.0,4.0,7.0,52.0
2013-06-01,9.0,84.0,7.0,2.0,50.4
2013-05-01,8.0,85.0,7.0,1.0,49.7
2013-04-01,12.0,81.0,7.0,5.0,51.1
2013-03-01,11.0,82.0,7.0,4.0,50.4
2013-02-01,9.0,84.0,7.0,2.0,51.5
2013-01-01,10.0,85.0,5.0,5.0,51.9
2012-12-01,9.0,83.0,8.0,1.0,52.9
2012-11-01,7.0,81.0,12.0,-5.0,50.2
2012-10-01,6.0,84.0,10.0,-4.0,49.4
2012-09-01,8.0,86.0,6.0,2.0,50.6
2012-08-01,9.0,83.0,8.0,1.0,50.3
2012-07-01,9.0,84.0,7.0,2.0,49.6
2012-06-01,8.0,85.0,7.0,1.0,50.0
2012-05-01,10.0,82.0,8.0,2.0,50.2
2012-04-01,9.0,82.0,9.0,0.0,48.7
2012-03-01,9.0,83.0,8.0,1.0,48.6
2012-02-01,7.0,82.0,11.0,-4.0,48.4
2012-01-01,9.0,84.0,7.0,2.0,50.8
2011-12-01,8.0,79.0,13.0,-5.0,49.9
2011-11-01,9.0,79.0,12.0,-3.0,51.3
2011-10-01,10.0,81.0,9.0,1.0,52.0
2011-09-01,12.0,81.0,7.0,5.0,51.9
2011-08-01,12.0,81.0,7.0,5.0,52.0
2011-07-01,13.0,80.0,7.0,6.0,51.4
2011-06-01,18.0,78.0,4.0,14.0,56.4
2011-05-01,22.0,70.0,8.0,14.0,55.9
2011-04-01,24.0,73.0,3.0,21.0,59.2
2011-03-01,26.0,73.0,1.0,25.0,59.9
2011-02-01,24.0,69.0,7.0,17.0,59.2
2011-01-01,18.0,77.0,5.0,13.0,57.2
2010-12-01,15.0,78.0,7.0,8.0,57.0
2010-11-01,18.0,77.0,5.0,13.0,59.5
2010-10-01,13.0,77.0,10.0,3.0,52.9
2010-09-01,17.0,76.0,7.0,10.0,54.0
2010-08-01,19.0,78.0,3.0,16.0,57.1
2010-07-01,28.0,66.0,6.0,22.0,58.9
2010-06-01,23.0,71.0,6.0,17.0,57.8
2010-05-01,29.0,66.0,5.0,24.0,60.8
2010-04-01,22.0,76.0,2.0,20.0,58.9
2010-03-01,27.0,73.0,0.0,27.0,61.3
2010-02-01,23.0,72.0,5.0,18.0,59.8
2010-01-01,18.0,79.0,3.0,15.0,59.0
2009-12-01,16.0,78.0,6.0,10.0,58.3
2009-11-01,15.0,80.0,5.0,10.0,57.5
2009-10-01,15.0,83.0,2.0,13.0,58.4
2009-09-01,24.0,71.0,5.0,19.0,58.4
2009-08-01,18.0,79.0,3.0,15.0,56.5
2009-07-01,14.0,80.0,6.0,8.0,52.2
2009-06-01,8.0,87.0,5.0,3.0,50.4
2009-05-01,8.0,86.0,6.0,2.0,49.2
2009-04-01,5.0,80.0,15.0,-10.0,44.4
2009-03-01,7.0,73.0,20.0,-13.0,41.9
2009-02-01,6.0,78.0,16.0,-10.0,46.0
2009-01-01,7.0,74.0,19.0,-12.0,45.5
2008-12-01,5.0,79.0,16.0,-11.0,48.1
2008-11-01,6.0,84.0,10.0,-4.0,49.7
2008-10-01,9.0,80.0,11.0,-2.0,50.3
2008-09-01,11.0,84.0,5.0,6.0,51.6
2008-08-01,9.0,84.0,7.0,2.0,49.3
2008-07-01,15.0,82.0,3.0,12.0,53.3
2008-06-01,16.0,79.0,5.0,11.0,53.9
2008-05-01,14.0,81.0,5.0,9.0,52.2
2008-04-01,10.0,88.0,2.0,8.0,53.8
2008-03-01,11.0,85.0,4.0,7.0,52.7
2008-02-01,6.0,87.0,7.0,-1.0,51.6
2008-01-01,6.0,91.0,3.0,3.0,53.8
2007-12-01,8.0,88.0,4.0,4.0,56.0
2007-11-01,5.0,92.0,3.0,2.0,52.4
2007-10-01,7.0,87.0,6.0,1.0,51.6
2007-09-01,8.0,88.0,4.0,4.0,50.7
2007-08-01,6.0,90.0,4.0,2.0,49.2
2007-07-01,7.0,91.0,2.0,5.0,50.0
2007-06-01,7.0,87.0,6.0,1.0,48.9
2007-05-01,5.0,93.0,2.0,3.0,49.3
2007-04-01,7.0,87.0,6.0,1.0,50.3
2007-03-01,5.0,93.0,2.0,3.0,51.2
2007-02-01,7.0,87.0,6.0,1.0,52.8
2007-01-01,7.0,88.0,5.0,2.0,53.1
2006-12-01,8.0,88.0,4.0,4.0,55.7
2006-11-01,9.0,86.0,5.0,4.0,53.1
2006-10-01,9.0,83.0,8.0,1.0,51.3
2006-09-01,13.0,82.0,5.0,8.0,52.9
2006-08-01,16.0,80.0,4.0,12.0,54.2
2006-07-01,16.0,80.0,4.0,12.0,53.5
2006-06-01,15.0,82.0,3.0,12.0,54.0
2006-05-01,20.0,77.0,3.0,17.0,56.1
2006-04-01,19.0,77.0,4.0,15.0,57.4
2006-03-01,14.0,80.0,6.0,8.0,53.9
2006-02-01,11.0,82.0,7.0,4.0,54.4
2006-01-01,11.0,85.0,4.0,7.0,55.7
2005-12-01,12.0,79.0,9.0,3.0,54.9
2005-11-01,19.0,74.0,7.0,12.0,57.0
2005-10-01,26.0,70.0,4.0,22.0,61.8
2005-09-01,21.0,75.0,4.0,17.0,57.7
2005-08-01,8.0,87.0,5.0,3.0,49.9
2005-07-01,10.0,86.0,4.0,6.0,50.8
2005-06-01,12.0,84.0,4.0,8.0,52.0
2005-05-01,11.0,82.0,7.0,4.0,49.8
2005-04-01,14.0,76.0,10.0,4.0,51.8
2005-03-01,13.0,81.0,6.0,7.0,53.5
2005-02-01,14.0,80.0,6.0,8.0,56.5
2005-01-01,13.0,79.0,8.0,5.0,54.7
2004-12-01,16.0,76.0,8.0,8.0,55.3
2004-11-01,17.0,77.0,6.0,11.0,56.8
2004-10-01,24.0,70.0,6.0,18.0,59.2
2004-09-01,23.0,73.0,4.0,19.0,59.8
2004-08-01,31.0,66.0,3.0,28.0,62.8
2004-07-01,35.0,61.0,4.0,31.0,64.5
2004-06-01,39.0,58.0,3.0,36.0,67.1
2004-05-01,41.0,57.0,2.0,39.0,68.3
2004-04-01,38.0,58.0,4.0,34.0,66.7
2004-03-01,38.0,59.0,3.0,35.0,66.7
2004-02-01,28.0,70.0,2.0,26.0,62.9
2004-01-01,24.0,72.0,4.0,20.0,61.5
2003-12-01,17.0,81.0,2.0,15.0,59.3
2003-11-01,14.0,82.0,4.0,10.0,56.4
2003-10-01,11.0,87.0,2.0,9.0,54.6
2003-09-01,8.0,90.0,2.0,6.0,53.4
2003-08-01,10.0,88.0,2.0,8.0,53.0
2003-07-01,10.0,85.0,5.0,5.0,51.5
2003-06-01,6.0,89.0,5.0,1.0,49.8
2003-05-01,8.0,87.0,5.0,3.0,50.6
2003-04-01,7.0,86.0,7.0,0.0,49.9
2003-03-01,10.0,86.0,4.0,6.0,52.6
2003-02-01,9.0,88.0,3.0,6.0,52.8
2003-01-01,9.0,85.0,6.0,3.0,52.8
2002-12-01,8.0,87.0,5.0,3.0,52.9
2002-11-01,11.0,80.0,9.0,2.0,52.1
2002-10-01,12.0,83.0,5.0,7.0,53.4
2002-09-01,16.0,81.0,3.0,13.0,56.7
2002-08-01,13.0,83.0,4.0,9.0,53.6
2002-07-01,15.0,82.0,3.0,12.0,54.8
2002-06-01,14.0,82.0,4.0,10.0,54.4
2002-05-01,13.0,82.0,5.0,8.0,53.4
2002-04-01,10.0,87.0,3.0,7.0,53.5
2002-03-01,10.0,84.0,6.0,4.0,51.9
2002-02-01,9.0,85.0,6.0,3.0,51.4
2002-01-01,6.0,88.0,6.0,0.0,51.2
2001-12-01,5.0,86.0,9.0,-4.0,49.3
2001-11-01,4.0,88.0,8.0,-4.0,49.1
2001-10-01,8.0,83.0,9.0,-1.0,49.5
2001-09-01,4.0,87.0,9.0,-5.0,47.5
2001-08-01,6.0,83.0,11.0,-5.0,46.7
2001-07-01,5.0,86.0,9.0,-4.0,46.8
2001-06-01,5.0,85.0,10.0,-5.0,47.1
2001-05-01,6.0,80.0,14.0,-8.0,45.4
2001-04-01,5.0,85.0,10.0,-5.0,47.2
2001-03-01,9.0,77.0,14.0,-5.0,47.7
2001-02-01,6.0,88.0,6.0,0.0,50.2
2001-01-01,7.0,83.0,10.0,-3.0,49.8
2000-12-01,11.0,82.0,7.0,4.0,52.8
2000-11-01,7.0,86.0,7.0,0.0,50.3
2000-10-01,9.0,85.0,6.0,3.0,51.1
2000-09-01,8.0,84.0,8.0,0.0,49.6
2000-08-01,12.0,85.0,3.0,9.0,53.5
2000-07-01,13.0,84.0,3.0,10.0,53.9
2000-06-01,13.0,83.0,4.0,9.0,54.5
2000-05-01,14.0,83.0,3.0,11.0,55.4
2000-04-01,15.0,81.0,4.0,11.0,55.4
2000-03-01,12.0,83.0,5.0,7.0,54.3
2000-02-01,10.0,88.0,2.0,8.0,54.4
2000-01-01,10.0,87.0,3.0,7.0,55.0
1999-12-01,14.0,84.0,2.0,12.0,56.7
1999-11-01,16.0,82.0,2.0,14.0,56.8
1999-10-01,15.0,83.0,2.0,13.0,56.2
1999-09-01,14.0,85.0,1.0,13.0,55.8
1999-08-01,8.0,89.0,3.0,5.0,51.4
1999-07-01,13.0,84.0,3.0,10.0,54.0
1999-06-01,9.0,87.0,4.0,5.0,52.6
1999-05-01,9.0,87.0,4.0,5.0,52.1
1999-04-01,3.0,93.0,4.0,-1.0,49.5
1999-03-01,7.0,89.0,4.0,3.0,52.3
1999-02-01,5.0,90.0,5.0,0.0,50.8
1999-01-01,7.0,85.0,8.0,-1.0,51.0
1998-12-01,4.0,88.0,8.0,-4.0,48.5
1998-11-01,6.0,90.0,4.0,2.0,50.4
1998-10-01,6.0,88.0,6.0,0.0,49.8
1998-09-01,6.0,91.0,3.0,3.0,50.8
1998-08-01,7.0,89.0,4.0,3.0,50.3
1998-07-01,7.0,88.0,5.0,2.0,50.2
1998-06-01,5.0,91.0,4.0,1.0,50.9
1998-05-01,9.0,86.0,5.0,4.0,51.5
1998-04-01,9.0,87.0,4.0,5.0,52.4
1998-03-01,8.0,88.0,4.0,4.0,53.0
1998-02-01,7.0,90.0,3.0,4.0,52.8
1998-01-01,8.0,87.0,5.0,3.0,53.0
1997-12-01,11.0,85.0,4.0,7.0,53.9
1997-11-01,15.0,82.0,3.0,12.0,55.2
1997-10-01,15.0,80.0,5.0,10.0,54.9
1997-09-01,15.0,81.0,4.0,11.0,54.8
1997-08-01,15.0,83.0,2.0,13.0,55.2
1997-07-01,12.0,87.0,1.0,11.0,54.7
1997-06-01,11.0,86.0,3.0,8.0,54.6
1997-05-01,14.0,83.0,3.0,11.0,55.0
1997-04-01,10.0,87.0,3.0,7.0,53.4
1997-03-01,8.0,88.0,4.0,4.0,53.1
1997-02-01,5.0,93.0,2.0,3.0,52.1
1997-01-01,4.0,89.0,7.0,-3.0,49.7
1996-12-01,7.0,89.0,4.0,3.0,52.0
1996-11-01,9.0,86.0,5.0,4.0,51.2
1996-10-01,5.0,92.0,3.0,2.0,50.9
1996-09-01,4.0,93.0,3.0,1.0,50.0
1996-08-01,9.0,88.0,3.0,6.0,51.9
1996-07-01,7.0,89.0,4.0,3.0,50.8
1996-06-01,8.0,88.0,4.0,4.0,52.8
1996-05-01,6.0,89.0,5.0,1.0,49.9
1996-04-01,4.0,91.0,5.0,-1.0,49.4
1996-03-01,7.0,83.0,10.0,-3.0,49.6
1996-02-01,7.0,84.0,9.0,-2.0,49.5
1996-01-01,6.0,82.0,12.0,-6.0,47.8
1995-12-01,5.0,84.0,11.0,-6.0,47.5
1995-11-01,5.0,82.0,13.0,-8.0,45.3
1995-10-01,6.0,85.0,9.0,-3.0,48.4
1995-09-01,8.0,85.0,7.0,1.0,50.0
1995-08-01,7.0,86.0,7.0,0.0,49.1
1995-07-01,10.0,84.0,6.0,4.0,51.3
1995-06-01,8.0,86.0,6.0,2.0,51.8
1995-05-01,14.0,80.0,6.0,8.0,53.3
1995-04-01,18.0,77.0,5.0,13.0,56.3
1995-03-01,17.0,77.0,6.0,11.0,56.9
1995-02-01,23.0,74.0,3.0,20.0,60.7
1995-01-01,26.0,72.0,2.0,24.0,62.7
1994-12-01,31.0,66.0,3.0,28.0,64.8
1994-11-01,34.0,63.0,3.0,31.0,64.7
1994-10-01,32.0,66.0,2.0,30.0,64.9
1994-09-01,29.0,68.0,3.0,26.0,62.5
1994-08-01,29.0,67.0,4.0,25.0,61.6
1994-07-01,21.0,76.0,3.0,18.0,58.1
1994-06-01,23.0,73.0,4.0,19.0,60.3
1994-05-01,24.0,74.0,2.0,22.0,60.2
1994-04-01,18.0,79.0,3.0,15.0,57.2
1994-03-01,13.0,82.0,5.0,8.0,55.4
1994-02-01,15.0,82.0,3.0,12.0,57.0
1994-01-01,10.0,88.0,2.0,8.0,54.4
1993-12-01,8.0,86.0,6.0,2.0,51.5
1993-11-01,6.0,91.0,3.0,3.0,50.9
1993-10-01,7.0,88.0,5.0,2.0,50.7
1993-09-01,7.0,90.0,3.0,4.0,51.3
1993-08-01,9.0,87.0,4.0,5.0,51.8
1993-07-01,6.0,91.0,3.0,3.0,51.0
1993-06-01,5.0,90.0,5.0,0.0,50.4
1993-05-01,9.0,86.0,5.0,4.0,51.5
1993-04-01,13.0,80.0,7.0,6.0,52.8
1993-03-01,7.0,89.0,4.0,3.0,52.7
1993-02-01,7.0,87.0,6.0,1.0,51.7
1993-01-01,6.0,92.0,2.0,4.0,52.3
1992-12-01,8.0,86.0,6.0,2.0,51.5
1992-11-01,10.0,84.0,6.0,4.0,51.3
1992-10-01,5.0,88.0,7.0,-2.0,48.6
1992-09-01,8.0,88.0,4.0,4.0,51.2
1992-08-01,7.0,88.0,5.0,2.0,50.3
1992-07-01,10.0,86.0,4.0,6.0,52.5
1992-06-01,8.0,85.0,7.0,1.0,50.8
1992-05-01,6.0,89.0,5.0,1.0,50.0
1992-04-01,3.0,89.0,8.0,-5.0,47.4
1992-03-01,5.0,89.0,6.0,-1.0,50.3
1992-02-01,6.0,83.0,11.0,-5.0,49.3
1992-01-01,4.0,89.0,7.0,-3.0,48.7
1991-12-01,6.0,85.0,9.0,-3.0,49.4
1991-11-01,8.0,85.0,7.0,1.0,50.1
1991-10-01,7.0,87.0,6.0,1.0,50.2
1991-09-01,7.0,85.0,8.0,-1.0,48.8
1991-08-01,5.0,88.0,7.0,-2.0,48.3
1991-07-01,7.0,88.0,5.0,2.0,49.6
1991-06-01,4.0,86.0,10.0,-6.0,47.1
1991-05-01,3.0,87.0,10.0,-7.0,46.0
1991-04-01,3.0,84.0,13.0,-10.0,45.0
1991-03-01,3.0,81.0,16.0,-13.0,43.9
1991-02-01,4.0,78.0,18.0,-14.0,44.7
1991-01-01,4.0,80.0,16.0,-12.0,44.4
1990-12-01,5.0,83.0,12.0,-7.0,47.2
1990-11-01,9.0,80.0,11.0,-2.0,48.6
1990-10-01,9.0,79.0,12.0,-3.0,48.1
1990-09-01,7.0,85.0,8.0,-1.0,48.9
1990-08-01,7.0,87.0,6.0,1.0,50.1
1990-07-01,6.0,83.0,11.0,-5.0,46.4
1990-06-01,9.0,81.0,10.0,-1.0,49.8
1990-05-01,8.0,81.0,11.0,-3.0,48.2
1990-04-01,7.0,80.0,13.0,-6.0,47.2
1990-03-01,5.0,84.0,11.0,-6.0,47.2
1990-02-01,3.0,80.0,17.0,-14.0,44.4
1990-01-01,7.0,82.0,11.0,-4.0,48.2
1989-12-01,4.0,78.0,18.0,-14.0,43.5
1989-11-01,5.0,75.0,20.0,-15.0,42.5
1989-10-01,3.0,81.0,16.0,-13.0,43.3
1989-09-01,7.0,8.0,16.0,-9.0,43.9
1989-08-01,5.0,78.0,17.0,-12.0,44.0
1989-07-01,7.0,79.0,14.0,-7.0,46.1
1989-06-01,6.0,80.0,14.0,-8.0,46.5
1989-05-01,12.0,75.0,13.0,-1.0,49.1
1989-04-01,15.0,74.0,11.0,4.0,52.2
1989-03-01,11.0,84.0,5.0,6.0,52.5
1989-02-01,16.0,74.0,10.0,6.0,54.0
1989-01-01,15.0,79.0,6.0,9.0,53.9
1988-12-01,15.0,77.0,8.0,7.0,53.0
1988-11-01,11.0,81.0,8.0,3.0,52.1
1988-10-01,17.0,77.0,6.0,11.0,54.8
1988-09-01,19.0,73.0,8.0,11.0,55.2
1988-08-01,20.0,73.0,7.0,13.0,57.4
1988-07-01,21.0,75.0,4.0,17.0,58.4
1988-06-01,32.0,63.0,5.0,27.0,65.6
1988-05-01,19.0,76.0,5.0,14.0,56.9
1988-04-01,21.0,74.0,5.0,16.0,58.6
1988-03-01,23.0,72.0,5.0,18.0,57.3
1988-02-01,26.0,70.0,4.0,22.0,61.2
1988-01-01,30.0,66.0,4.0,26.0,62.0
1987-12-01,30.0,67.0,3.0,27.0,62.7
1987-11-01,31.0,67.0,2.0,29.0,64.9
1987-10-01,31.0,64.0,5.0,26.0,62.2
1987-09-01,28.0,68.0,4.0,24.0,61.5
1987-08-01,20.0,78.0,2.0,18.0,60.3
1987-07-01,20.0,77.0,3.0,17.0,58.9
1987-06-01,15.0,80.0,5.0,10.0,56.8
1987-05-01,16.0,77.0,7.0,9.0,54.0
1987-04-01,11.0,82.0,7.0,4.0,52.8
1987-03-01,13.0,82.0,5.0,8.0,51.9
1987-02-01,9.0,84.0,7.0,2.0,51.2
1987-01-01,8.0,88.0,4.0,4.0,51.5
1986-12-01,8.0,88.0,4.0,4.0,52.8
1986-11-01,6.0,91.0,3.0,3.0,52.0
1986-10-01,8.0,86.0,6.0,2.0,51.3
1986-09-01,5.0,90.0,5.0,0.0,49.6
1986-08-01,6.0,87.0,7.0,-1.0,50.8
1986-07-01,6.0,88.0,6.0,0.0,49.9
1986-06-01,4.0,89.0,7.0,-3.0,49.9
1986-05-01,2.0,94.0,4.0,-2.0,50.2
1986-04-01,7.0,88.0,5.0,2.0,50.7
1986-03-01,7.0,92.0,1.0,6.0,50.5
1986-02-01,5.0,90.0,5.0,0.0,49.8
1986-01-01,5.0,90.0,5.0,0.0,50.1
1985-12-01,5.0,87.0,8.0,-3.0,49.3
1985-11-01,2.0,92.0,6.0,-4.0,48.5
1985-10-01,6.0,87.0,7.0,-1.0,50.0
1985-09-01,9.0,82.0,9.0,0.0,49.5
1985-08-01,4.0,83.0,13.0,-9.0,46.6
1985-07-01,4.0,84.0,12.0,-8.0,45.7
1985-06-01,5.0,82.0,13.0,-8.0,47.1
1985-05-01,8.0,81.0,11.0,-3.0,48.0
1985-04-01,6.0,81.0,13.0,-7.0,46.1
1985-03-01,5.0,88.0,7.0,-2.0,46.7
1985-02-01,7.0,84.0,9.0,-2.0,48.6
1985-01-01,5.0,90.0,5.0,0.0,50.4
1984-12-01,6.0,83.0,11.0,-5.0,48.8
1984-11-01,5.0,84.0,11.0,-6.0,48.1
1984-10-01,7.0,83.0,10.0,-3.0,49.3
1984-09-01,14.0,79.0,7.0,7.0,52.8
1984-08-01,15.0,78.0,7.0,8.0,55.2
1984-07-01,28.0,63.0,9.0,19.0,59.1
1984-06-01,21.0,69.0,10.0,11.0,56.2
1984-05-01,28.0,70.0,2.0,26.0,62.5
1984-04-01,36.0,59.0,5.0,31.0,64.6
1984-03-01,39.0,59.0,2.0,37.0,65.5
1984-02-01,27.0,71.0,2.0,25.0,61.5
1984-01-01,29.0,69.0,2.0,27.0,64.4
1983-12-01,24.0,74.0,2.0,22.0,62.1
1983-11-01,33.0,66.0,1.0,32.0,67.5
1983-10-01,27.0,70.0,3.0,24.0,62.8
1983-09-01,25.0,73.0,2.0,23.0,60.7
1983-08-01,22.0,74.0,4.0,18.0,60.2
1983-07-01,21.0,76.0,3.0,18.0,58.9
1983-06-01,16.0,80.0,4.0,12.0,56.8
1983-05-01,10.0,84.0,6.0,4.0,51.9
1983-04-01,12.0,83.0,5.0,7.0,52.7
1983-03-01,13.0,80.0,7.0,6.0,50.8
1983-02-01,9.0,84.0,7.0,2.0,49.9
1983-01-01,5.0,82.0,13.0,-8.0,46.7
1982-12-01,7.0,82.0,11.0,-4.0,48.6
1982-11-01,4.0,84.0,12.0,-8.0,46.9
1982-10-01,4.0,84.0,12.0,-8.0,46.5
1982-09-01,5.0,83.0,12.0,-7.0,45.9
1982-08-01,5.0,79.0,16.0,-11.0,45.3
1982-07-01,3.0,85.0,12.0,-9.0,45.8
1982-06-01,5.0,79.0,16.0,-11.0,45.2
1982-05-01,3.0,79.0,18.0,-15.0,42.1
1982-04-01,2.0,74.0,24.0,-22.0,38.2
1982-03-01,2.0,72.0,26.0,-24.0,36.4
1982-02-01,6.0,72.0,22.0,-16.0,40.8
1982-01-01,4.0,71.0,25.0,-21.0,40.1
1981-12-01,4.0,74.0,22.0,-18.0,41.2
1981-11-01,5.0,70.0,25.0,-20.0,40.5
1981-10-01,2.0,71.0,27.0,-25.0,37.7
1981-09-01,9.0,74.0,17.0,-8.0,45.9
1981-08-01,17.0,63.0,20.0,-3.0,49.6
1981-07-01,6.0,76.0,18.0,-12.0,44.9
1981-06-01,8.0,72.0,20.0,-12.0,47.9
1981-05-01,10.0,80.0,10.0,0.0,50.2
1981-04-01,14.0,77.0,9.0,5.0,51.2
1981-03-01,14.0,74.0,12.0,2.0,48.7
1981-02-01,12.0,77.0,11.0,1.0,48.5
1981-01-01,9.0,80.0,11.0,-2.0,49.7
1980-12-01,9.0,81.0,10.0,-1.0,50.1
1980-11-01,8.0,76.0,16.0,-8.0,46.8
1980-10-01,5.0,82.0,13.0,-8.0,46.5
1980-09-01,5.0,72.0,23.0,-18.0,41.2
1980-08-01,5.0,68.0,27.0,-22.0,40.1
1980-07-01,4.0,63.0,33.0,-29.0,36.3
1980-06-01,3.0,58.0,39.0,-36.0,32.4
1980-05-01,4.0,52.0,44.0,-40.0,29.8
1980-04-01,7.0,62.0,31.0,-24.0,36.9
1980-03-01,7.0,68.0,25.0,-18.0,39.1
1980-02-01,9.0,79.0,12.0,-3.0,46.0
1980-01-01,8.0,67.0,25.0,-17.0,42.1
1979-12-01,25.0,67.0,8.0,17.0,42.2
1979-11-01,11.0,69.0,20.0,-9.0,46.8
1979-10-01,15.0,62.0,23.0,-8.0,46.9
1979-09-01,17.0,66.0,17.0,0.0,50.7
1979-08-01,15.0,73.0,12.0,3.0,52.9
1979-07-01,23.0,67.0,10.0,13.0,57.4
1979-06-01,26.0,71.0,3.0,23.0,61.4
1979-05-01,36.0,58.0,6.0,30.0,63.7
1979-04-01,57.0,41.0,2.0,55.0,75.6
1979-03-01,44.0,51.0,5.0,39.0,66.7
1979-02-01,40.0,56.0,4.0,36.0,64.0
1979-01-01,32.0,66.0,2.0,30.0,66.4
1978-12-01,25.0,73.0,2.0,23.0,63.5
1978-11-01,25.0,74.0,1.0,24.0,64.5
1978-10-01,29.0,68.0,3.0,26.0,64.7
1978-09-01,22.0,74.0,4.0,18.0,60.0
1978-08-01,21.0,77.0,2.0,19.0,60.6
1978-07-01,23.0,73.0,4.0,19.0,59.4
1978-06-01,29.0,66.0,5.0,24.0,61.1
1978-05-01,25.0,69.0,6.0,19.0,57.4
1978-04-01,24.0,69.0,7.0,17.0,57.1
1978-03-01,30.0,61.0,9.0,21.0,58.9
1978-02-01,38.0,58.0,4.0,34.0,63.4
1978-01-01,14.0,79.0,7.0,7.0,55.6
1977-12-01,13.0,83.0,4.0,9.0,57.1
1977-11-01,13.0,81.0,6.0,7.0,56.3
1977-10-01,13.0,79.0,8.0,5.0,53.6
1977-09-01,15.0,82.0,3.0,12.0,56.7
1977-08-01,12.0,83.0,5.0,7.0,53.5
1977-07-01,24.0,71.0,5.0,19.0,58.3
1977-06-01,15.0,80.0,5.0,10.0,53.3
1977-05-01,20.0,76.0,4.0,16.0,55.4
1977-04-01,16.0,79.0,5.0,11.0,54.6
1977-03-01,18.0,64.0,18.0,0.0,49.6
1977-02-01,40.0,56.0,4.0,36.0,65.1
1977-01-01,14.0,76.0,10.0,4.0,55.3
1976-12-01,14.0,73.0,13.0,1.0,53.3
1976-11-01,9.0,71.0,20.0,-11.0,47.2
1976-10-01,10.0,77.0,13.0,-3.0,49.0
1976-09-01,14.0,77.0,9.0,5.0,52.6
1976-08-01,17.0,78.0,5.0,12.0,55.2
1976-07-01,19.0,74.0,7.0,12.0,54.0
1976-06-01,26.0,70.0,4.0,22.0,58.6
1976-05-01,,,,,58.3
1976-04-01,,,,,57.3
1976-03-01,,,,,56.7
1976-02-01,,,,,56.1
1976-01-01,,,,,54.0
1975-12-01,,,,,41.2
1975-11-01,,,,,46.8
1975-10-01,,,,,44.8
1975-09-01,,,,,43.8
1975-08-01,,,,,35.1
1975-07-01,,,,,28.7
1975-06-01,,,,,24.9
1975-05-01,,,,,22.7
1975-04-01,,,,,21.7
1975-03-01,,,,,17.3
1975-02-01,,,,,15.9
1975-01-01,,,,,19.5
1974-12-01,,,,,23.2
1974-11-01,,,,,34.0
1974-10-01,,,,,45.3
1974-09-01,,,,,51.8
1974-08-01,,,,,66.3
1974-07-01,,,,,69.2
1974-06-01,,,,,73.1
1974-05-01,,,,,74.5
1974-04-01,,,,,82.1
1974-03-01,,,,,88.9
1974-02-01,,,,,88.8
1974-01-01,,,,,91.8
1973-12-01,,,,,92.8
1973-11-01,,,,,96.8
1973-10-01,,,,,88.7
1973-09-01,,,,,90.1
1973-08-01,,,,,86.7
1973-07-01,,,,,85.2
1973-06-01,,,,,85.6
1973-05-01,,,,,86.6
1973-04-01,,,,,86.7
1973-03-01,,,,,87.5
1973-02-01,,,,,85.2
1973-01-01,,,,,83.7
1972-12-01,,,,,80.7
1972-11-01,,,,,74.5
1972-10-01,,,,,73.0
1972-09-01,,,,,65.5
1972-08-01,,,,,62.9
1972-07-01,,,,,61.7
1972-06-01,,,,,57.7
1972-05-01,,,,,56.1
1972-04-01,,,,,55.0
1972-03-01,,,,,57.1
1972-02-01,,,,,52.6
1972-01-01,,,,,55.2
1971-12-01,,,,,53.3
1971-11-01,,,,,50.9
1971-10-01,,,,,50.9
1971-09-01,,,,,48.9
1971-08-01,,,,,49.7
1971-07-01,,,,,47.4
1971-06-01,,,,,47.9
1971-05-01,,,,,49.4
1971-04-01,,,,,48.9
1971-03-01,,,,,45.0
1971-02-01,,,,,44.2
1971-01-01,,,,,39.8
1970-12-01,,,,,37.5
1970-11-01,,,,,37.8
1970-10-01,,,,,39.0
1970-09-01,,,,,46.5
1970-08-01,,,,,46.1
1970-07-01,,,,,49.8
1970-06-01,,,,,66.1
1970-05-01,,,,,67.2
1970-04-01,,,,,48.7
1970-03-01,,,,,49.3
1970-02-01,,,,,57.7
1970-01-01,,,,,57.9
1969-12-01,,,,,66.8
1969-11-01,,,,,64.1
1969-10-01,,,,,66.8
1969-09-01,,,,,68.9
1969-08-01,,,,,70.3
1969-07-01,,,,,65.7
1969-06-01,,,,,67.0
1969-05-01,,,,,64.9
1969-04-01,,,,,63.9
1969-03-01,,,,,60.5
1969-02-01,,,,,60.1
1969-01-01,,,,,63.6
1968-12-01,,,,,58.3
1968-11-01,,,,,61.0
1968-10-01,,,,,53.3
1968-09-01,,,,,48.4
1968-08-01,,,,,47.8
1968-07-01,,,,,55.9
1968-06-01,,,,,49.9
1968-05-01,,,,,49.4
1968-04-01,,,,,49.0
1968-03-01,,,,,54.0
1968-02-01,,,,,53.9
1968-01-01,,,,,50.6
1967-12-01,,,,,49.9
1967-11-01,,,,,51.4
1967-10-01,,,,,51.1
1967-09-01,,,,,46.5
1967-08-01,,,,,44.8
1967-07-01,,,,,40.9
1967-06-01,,,,,36.5
1967-05-01,,,,,34.4
1967-04-01,,,,,36.9
1967-03-01,,,,,38.0
1967-02-01,,,,,49.9
1967-01-01,,,,,48.2
1966-12-01,,,,,57.9
1966-11-01,,,,,62.6
1966-10-01,,,,,68.7
1966-09-01,,,,,72.4
1966-08-01,,,,,74.3
1966-07-01,,,,,73.1
1966-06-01,,,,,71.6
1966-05-01,,,,,74.6
1966-04-01,,,,,79.3
1966-03-01,,,,,86.4
1966-02-01,,,,,80.1
1966-01-01,,,,,74.9
1965-12-01,,,,,73.5
1965-11-01,,,,,65.1
1965-10-01,,,,,59.1
1965-09-01,,,,,61.2
1965-08-01,,,,,65.4
1965-07-01,,,,,65.1
1965-06-01,,,,,69.3
1965-05-01,,,,,68.9
1965-04-01,,,,,69.4
1965-03-01,,,,,65.9
1965-02-01,,,,,68.1
1965-01-01,,,,,68.5
1964-12-01,,,,,67.8
1964-11-01,,,,,70.3
1964-10-01,,,,,71.2
1964-09-01,,,,,71.9
1964-08-01,,,,,66.2
1964-07-01,,,,,61.8
1964-06-01,,,,,57.6
1964-05-01,,,,,61.4
1964-04-01,,,,,57.7
1964-03-01,,,,,60.3
1964-02-01,,,,,51.9
1964-01-01,,,,,55.3
1963-12-01,,,,,47.6
1963-11-01,,,,,48.7
1963-10-01,,,,,47.4
1963-09-01,,,,,49.7
1963-08-01,,,,,48.5
1963-07-01,,,,,43.6
1963-06-01,,,,,56.3
1963-05-01,,,,,56.4
1963-04-01,,,,,58.2
1963-03-01,,,,,54.9
1963-02-01,,,,,51.0
1963-01-01,,,,,50.4
1962-12-01,,,,,50.1
1962-11-01,,,,,48.7
1962-10-01,,,,,46.7
1962-09-01,,,,,45.1
1962-08-01,,,,,43.7
1962-07-01,,,,,45.1
1962-06-01,,,,,43.3
1962-05-01,,,,,45.2
1962-04-01,,,,,47.4
1962-03-01,,,,,57.0
1962-02-01,,,,,56.2
1962-01-01,,,,,57.1
1961-12-01,,,,,55.8
1961-11-01,,,,,51.1
1961-10-01,,,,,52.4
1961-09-01,,,,,50.7
1961-08-01,,,,,50.6
1961-07-01,,,,,49.4
1961-06-01,,,,,49.3
1961-05-01,,,,,47.9
1961-04-01,,,,,47.5
1961-03-01,,,,,42.1
1961-02-01,,,,,41.1
1961-01-01,,,,,39.2
1960-12-01,,,,,40.4
1960-11-01,,,,,37.6
1960-10-01,,,,,36.2
1960-09-01,,,,,37.3
1960-08-01,,,,,38.0
1960-07-01,,,,,35.8
1960-06-01,,,,,34.8
1960-05-01,,,,,32.3
1960-04-01,,,,,28.9
1960-03-01,,,,,28.8
1960-02-01,,,,,31.7
1960-01-01,,,,,46.2
1959-12-01,,,,,53.7
1959-11-01,,,,,54.6
1959-10-01,,,,,58.5
1959-09-01,,,,,57.5
1959-08-01,,,,,57.4
1959-07-01,,,,,59.1
1959-06-01,,,,,63.7
1959-05-01,,,,,63.0
1959-04-01,,,,,64.8
1959-03-01,,,,,66.3
1959-02-01,,,,,67.3
1959-01-01,,,,,61.8
1958-12-01,,,,,56.4
1958-11-01,,,,,55.8
1958-10-01,,,,,52.4
1958-09-01,,,,,51.1
1958-08-01,,,,,44.7
1958-07-01,,,,,43.0
1958-06-01,,,,,39.2
1958-05-01,,,,,38.5
1958-04-01,,,,,35.5
1958-03-01,,,,,34.0
1958-02-01,,,,,31.0
1958-01-01,,,,,30.3
1957-12-01,,,,,27.3
1957-11-01,,,,,27.8
1957-10-01,,,,,32.6
1957-09-01,,,,,28.8
1957-08-01,,,,,30.8
1957-07-01,,,,,36.8
1957-06-01,,,,,30.0
1957-05-01,,,,,30.0
1957-04-01,,,,,28.9
1957-03-01,,,,,26.3
1957-02-01,,,,,31.2
1957-01-01,,,,,36.3
1956-12-01,,,,,39.5
1956-11-01,,,,,44.6
1956-10-01,,,,,40.1
1956-09-01,,,,,42.8
1956-08-01,,,,,46.8
1956-07-01,,,,,53.9
1956-06-01,,,,,41.0
1956-05-01,,,,,38.6
1956-04-01,,,,,51.0
1956-03-01,,,,,51.0
1956-02-01,,,,,51.3
1956-01-01,,,,,53.5
1955-12-01,,,,,61.4
1955-11-01,,,,,64.9
1955-10-01,,,,,66.5
1955-09-01,,,,,66.3
1955-08-01,,,,,64.3
1955-07-01,,,,,67.0
1955-06-01,,,,,65.7
1955-05-01,,,,,68.7
1955-04-01,,,,,71.9
1955-03-01,,,,,68.5
1955-02-01,,,,,67.2
1955-01-01,,,,,60.6
1954-12-01,,,,,54.5
1954-11-01,,,,,51.9
1954-10-01,,,,,49.5
1954-09-01,,,,,43.6
1954-08-01,,,,,36.4
1954-07-01,,,,,38.1
1954-06-01,,,,,35.8
1954-05-01,,,,,34.3
1954-04-01,,,,,30.3
1954-03-01,,,,,28.0
1954-02-01,,,,,26.9
1954-01-01,,,,,23.6
1953-12-01,,,,,21.8
1953-11-01,,,,,20.2
1953-10-01,,,,,20.7
1953-09-01,,,,,23.2
1953-08-01,,,,,26.5
1953-07-01,,,,,28.5
1953-06-01,,,,,33.3
1953-05-01,,,,,35.1
1953-04-01,,,,,38.6
1953-03-01,,,,,41.8
1953-02-01,,,,,41.8
1953-01-01,,,,,41.5
1952-12-01,,,,,43.5
1952-11-01,,,,,45.0
1952-10-01,,,,,43.3
1952-09-01,,,,,42.7
1952-08-01,,,,,41.2
1952-07-01,,,,,47.4
1952-06-01,,,,,33.0
1952-05-01,,,,,22.4
1952-04-01,,,,,19.4
1952-03-01,,,,,18.8
1952-02-01,,,,,24.9
1952-01-01,,,,,31.3
1951-12-01,,,,,33.6
1951-11-01,,,,,34.9
1951-10-01,,,,,47.2
1951-09-01,,,,,46.4
1951-08-01,,,,,32.0
1951-07-01,,,,,32.2
1951-06-01,,,,,36.7
1951-05-01,,,,,45.0
1951-04-01,,,,,65.7
1951-03-01,,,,,85.1
1951-02-01,,,,,93.3
1951-01-01,,,,,88.7
1950-12-01,,,,,87.5
1950-11-01,,,,,79.1
1950-10-01,,,,,70.3
1950-09-01,,,,,73.7
1950-08-01,,,,,81.7
1950-07-01,,,,,89.4
1950-06-01,,,,,76.5
1950-05-01,,,,,82.9
1950-04-01,,,,,68.8
1950-03-01,,,,,72.0
1950-02-01,,,,,68.0
1950-01-01,,,,,56.3
1949-12-01,,,,,52.2
1949-11-01,,,,,51.5
1949-10-01,,,,,46.1
1949-09-01,,,,,39.9
1949-08-01,,,,,33.0
1949-07-01,,,,,22.4
1949-06-01,,,,,15.0
1949-05-01,,,,,15.5
1949-04-01,,,,,16.2
1949-03-01,,,,,12.4
1949-02-01,,,,,13.1
1949-01-01,,,,,16.6
1948-12-01,,,,,17.7
1948-11-01,,,,,28.0
1948-10-01,,,,,28.7
1948-09-01,,,,,28.3
1948-08-01,,,,,31.2
1948-07-01,,,,,36.8
1948-06-01,,,,,38.4
1948-05-01,,,,,40.4
1948-04-01,,,,,41.6
1948-03-01,,,,,32.7
1948-02-01,,,,,37.1
1948-01-01,,,,,36.3
